flag_success;folio;date_log;creation_date;purchase_order_number;action;serie;item_code;response
True;5104350;2026-08-27 12:01:36.660000;2026-08-27 00:00:00;5104350;VERIFYORDER;SH65616HC33;MXP63AM/A;"{""orderDetailsResponses"":{""deviceEligibility"":{""secondaryDisplay"":""0"",""partDescription"":""AppleCare+ para AirPods"",""coverageDuration"":""2"",""productStatement"":""AppleCare+ para AirPods amplía la cobertura de servicio y soporte técnico a 2 años desde la fecha de compra de AppleCare+ e incluye cobertura para una cantidad ilimitada de incidentes por daño accidental debido a la manipulación del producto, cada uno de ellos sujeto a un cargo adicional de CLP28000 . Lee todos los detalles en los Términos y condiciones de AppleCare+."",""deviceDateOfPurchase"":""27/08/2026"",""deviceId"":""SH65616HC33"",""registeredDevice"":""1"",""pocType"":""APOC"",""serialNumber"":""H65616HC33"",""partNumber"":""S9066ZX/A"",""partAlias"":""ACP"",""purchaseMode"":""C"",""productDescription"":""AirPods 4""}},""transactionId"":""2d02a803-347b-441f-94fe-d1dc7c2e4693-1787846496110""}"
True;5104350;2026-08-27 12:01:38.057000;2026-08-27 00:00:00;5104350;CREATEORDER;SH65616HC33;MXP63AM/A;"{""orderDetailsResponses"":{""deviceEligibility"":{""secondaryDisplay"":""0"",""partDescription"":""AppleCare+ para AirPods"",""coverageDuration"":""2"",""productStatement"":""AppleCare+ para AirPods amplía la cobertura de servicio y soporte técnico a 2 años desde la fecha de compra de AppleCare+ e incluye cobertura para una cantidad ilimitada de incidentes por daño accidental debido a la manipulación del producto, cada uno de ellos sujeto a un cargo adicional de CLP28000 . Lee todos los detalles en los Términos y condiciones de AppleCare+."",""deviceDateOfPurchase"":""27/08/2026"",""deviceId"":""SH65616HC33"",""registeredDevice"":""1"",""pocType"":""RPOC"",""serialNumber"":""H65616HC33"",""partNumber"":""S9066ZX/A"",""partAlias"":""ACP"",""purchaseMode"":""C"",""productDescription"":""AirPods 4""},""orderConfirmation"":{""agreementNumber"":""328413644687"",""coverageDurationStatement"":""Finaliza el 26/08/2028"",""termConditionURL"":""http://www.apple.com/legal/sales-support/"",""partNumber"":""S9066ZX/A"",""partAlias"":""ACP"",""partType"":""AppleCare+"",""purchaseMode"":""C"",""appleCareSalesDate"":""27/08/2026"",""pocType"":""RPOC"",""purchaseOrderNumber"":""5104350""}},""transactionId"":""095e2c25-4593-4469-8b73-b1c8231c8bca-1787846497104""}"
True;5144732;2026-08-27 12:07:35.570000;2026-08-27 00:00:00;31501074;VERIFYORDER;SMYXC47PDX2;MEH54AM/A;"{""orderDetailsResponses"":{""deviceEligibility"":{""secondaryDisplay"":""0"",""partDescription"":""AppleCare+ para Apple Watch SE (3rd gen)"",""coverageDuration"":""2"",""productStatement"":""AppleCare+ para Apple Watch SE (3rd gen) amplía la cobertura de servicio y soporte técnico a 2 años desde la fecha de compra de AppleCare+ e incluye cobertura para una cantidad ilimitada de incidentes por daño accidental debido a la manipulación del producto, cada uno de ellos sujeto a un cargo adicional de R$67000  por Otros daños accidentales. Lee todos los detalles en los Términos y condiciones de AppleCare+."",""deviceDateOfPurchase"":""27/08/2026"",""deviceId"":""SMYXC47PDX2"",""registeredDevice"":""1"",""pocType"":""APOC"",""serialNumber"":""MYXC47PDX2"",""partNumber"":""SXHW2ZX/A"",""partAlias"":""ACP"",""purchaseMode"":""C"",""productDescription"":""Watch SE (3rd gen, GPS) Aluminum 40MM""}},""transactionId"":""4cb3adab-e534-4a0f-ab21-d1c0536fca50-1787846855071""}"
True;5104373;2026-08-27 12:11:27.097000;2026-08-27 00:00:00;5104373;VERIFYORDER;SJKJF4X0M91;MHFJ4CI/A;"{""orderDetailsResponses"":{""deviceEligibility"":{""secondaryDisplay"":""0"",""partDescription"":""AppleCare+ para 13-inch MacBook Neo (A18PRO)"",""coverageDuration"":""3"",""productStatement"":""AppleCare+ para 13-inch MacBook Neo (A18PRO) amplía la cobertura de servicio y soporte técnico a 3 años desde la fecha de compra de AppleCare+ e incluye cobertura para una cantidad ilimitada de incidentes por daño accidental debido a la manipulación del producto, cada uno de ellos sujeto a un cargo adicional de R$51990  por daños en la pantalla o la carcasa externa o de R$156990  por Otros daños accidentales. Lee todos los detalles en los Términos y condiciones de AppleCare+."",""deviceDateOfPurchase"":""27/08/2026"",""deviceId"":""SJKJF4X0M91"",""registeredDevice"":""1"",""pocType"":""APOC"",""serialNumber"":""JKJF4X0M91"",""partNumber"":""SD0T3ZX/A"",""partAlias"":""ACP"",""purchaseMode"":""C"",""productDescription"":""MacBook Neo""}},""transactionId"":""b789388c-4e00-42b2-a0cc-a374722adf67-1787847086570""}"
True;5104373;2026-08-27 12:11:28.613000;2026-08-27 00:00:00;5104373;CREATEORDER;SJKJF4X0M91;MHFJ4CI/A;"{""orderDetailsResponses"":{""deviceEligibility"":{""secondaryDisplay"":""0"",""partDescription"":""AppleCare+ para 13-inch MacBook Neo (A18PRO)"",""coverageDuration"":""3"",""productStatement"":""AppleCare+ para 13-inch MacBook Neo (A18PRO) amplía la cobertura de servicio y soporte técnico a 3 años desde la fecha de compra de AppleCare+ e incluye cobertura para una cantidad ilimitada de incidentes por daño accidental debido a la manipulación del producto, cada uno de ellos sujeto a un cargo adicional de R$51990  por daños en la pantalla o la carcasa externa o de R$156990  por Otros daños accidentales. Lee todos los detalles en los Términos y condiciones de AppleCare+."",""deviceDateOfPurchase"":""27/08/2026"",""deviceId"":""SJKJF4X0M91"",""registeredDevice"":""1"",""pocType"":""RPOC"",""serialNumber"":""JKJF4X0M91"",""partNumber"":""SD0T3ZX/A"",""partAlias"":""ACP"",""purchaseMode"":""C"",""productDescription"":""MacBook Neo""},""orderConfirmation"":{""agreementNumber"":""328413642803"",""coverageDurationStatement"":""Finaliza el 26/08/2029"",""termConditionURL"":""http://www.apple.com/legal/sales-support/"",""partNumber"":""SD0T3ZX/A"",""partAlias"":""ACP"",""partType"":""AppleCare+"",""purchaseMode"":""C"",""appleCareSalesDate"":""27/08/2026"",""pocType"":""RPOC"",""purchaseOrderNumber"":""5104373""}},""transactionId"":""7edecd1c-0d89-4087-a533-ac9bb9fcb93a-1787847087684""}"
True;5144732;2026-08-27 12:11:58.943000;2026-08-27 00:00:00;31501074;CREATEORDER;SMYXC47PDX2;MEH54AM/A;"{""orderDetailsResponses"":{""deviceEligibility"":{""secondaryDisplay"":""0"",""partDescription"":""AppleCare+ para Apple Watch SE (3rd gen)"",""coverageDuration"":""2"",""productStatement"":""AppleCare+ para Apple Watch SE (3rd gen) amplía la cobertura de servicio y soporte técnico a 2 años desde la fecha de compra de AppleCare+ e incluye cobertura para una cantidad ilimitada de incidentes por daño accidental debido a la manipulación del producto, cada uno de ellos sujeto a un cargo adicional de R$67000  por Otros daños accidentales. Lee todos los detalles en los Términos y condiciones de AppleCare+."",""deviceDateOfPurchase"":""27/08/2026"",""deviceId"":""SMYXC47PDX2"",""registeredDevice"":""1"",""pocType"":""APOC"",""serialNumber"":""MYXC47PDX2"",""partNumber"":""SXHW2ZX/A"",""partAlias"":""ACP"",""purchaseMode"":""C"",""productDescription"":""Watch SE (3rd gen, GPS) Aluminum 40MM""},""orderConfirmation"":{""agreementNumber"":""328413660648"",""coverageDurationStatement"":""Finaliza el 26/08/2028"",""termConditionURL"":""http://www.apple.com/legal/sales-support/"",""partNumber"":""SXHW2ZX/A"",""partAlias"":""ACP"",""partType"":""AppleCare+"",""purchaseMode"":""C"",""appleCareSalesDate"":""27/08/2026"",""pocType"":""APOC"",""purchaseOrderNumber"":""31501074""}},""transactionId"":""51133a43-5f66-4016-b0cc-04ccfc6bdf31-1787847112503""}"
True;1318107;2026-08-27 12:33:03.843000;2026-08-27 00:00:00;22601116;VERIFYORDER;sm2txp6gdky;MCNT4CI/A;"{""orderDetailsResponses"":{""deviceEligibility"":{""secondaryDisplay"":""1"",""partDescription"":""AppleCare+ para iPad Air 13-inch (M3)"",""coverageDuration"":""2"",""productStatement"":""AppleCare+ para iPad Air 13-inch (M3) amplía la cobertura de servicio y soporte técnico a 2 años desde la fecha de compra de AppleCare+ e incluye cobertura para una cantidad ilimitada de incidentes por daño accidental debido a la manipulación del producto, cada uno de ellos sujeto a un cargo adicional de R$28000  por Daños que afectan solo a la pantalla o de R$28000  por Apple Pencil / Keyboard o de R$96000  por Otros daños accidentales. Lee todos los detalles en los Términos y condiciones de AppleCare+."",""deviceDateOfPurchase"":""27/08/2026"",""deviceId"":""SM2TXP6GDKY"",""registeredDevice"":""1"",""pocType"":""APOC"",""serialNumber"":""M2TXP6GDKY"",""partNumber"":""SV172ZX/A"",""partAlias"":""ACP"",""purchaseMode"":""C"",""productDescription"":""iPad Air 13-inch (M3) Wi-Fi""}},""transactionId"":""bac02560-5c32-403b-94ca-80b93f4e9381-1787848383271""}"
True;1318107;2026-08-27 12:34:13.307000;2026-08-27 00:00:00;22601116;CREATEORDER;sm2txp6gdky;MCNT4CI/A;"{""orderDetailsResponses"":{""deviceEligibility"":{""secondaryDisplay"":""1"",""partDescription"":""AppleCare+ para iPad Air 13-inch (M3)"",""coverageDuration"":""2"",""productStatement"":""AppleCare+ para iPad Air 13-inch (M3) amplía la cobertura de servicio y soporte técnico a 2 años desde la fecha de compra de AppleCare+ e incluye cobertura para una cantidad ilimitada de incidentes por daño accidental debido a la manipulación del producto, cada uno de ellos sujeto a un cargo adicional de R$28000  por Daños que afectan solo a la pantalla o de R$28000  por Apple Pencil / Keyboard o de R$96000  por Otros daños accidentales. Lee todos los detalles en los Términos y condiciones de AppleCare+."",""deviceDateOfPurchase"":""27/08/2026"",""deviceId"":""SM2TXP6GDKY"",""registeredDevice"":""1"",""pocType"":""APOC"",""serialNumber"":""M2TXP6GDKY"",""partNumber"":""SV172ZX/A"",""partAlias"":""ACP"",""purchaseMode"":""C"",""productDescription"":""iPad Air 13-inch (M3) Wi-Fi""},""orderConfirmation"":{""agreementNumber"":""328413641998"",""coverageDurationStatement"":""Finaliza el 26/08/2028"",""termConditionURL"":""http://www.apple.com/legal/sales-support/"",""partNumber"":""SV172ZX/A"",""partAlias"":""ACP"",""partType"":""AppleCare+"",""purchaseMode"":""C"",""appleCareSalesDate"":""27/08/2026"",""pocType"":""APOC"",""purchaseOrderNumber"":""22601116""}},""transactionId"":""558b908c-d7c1-4934-b5eb-75ca34e69977-1787848448365""}"
True;5141924;2026-08-27 12:56:45.357000;2026-08-27 00:00:00;35901073;VERIFYORDER;SJXTQ20HR90;MDVH4CI/A;"{""orderDetailsResponses"":{""deviceEligibility"":{""secondaryDisplay"":""1"",""partDescription"":""AppleCare+ para 15-inch MacBook Air (M5)"",""coverageDuration"":""3"",""productStatement"":""AppleCare+ para 15-inch MacBook Air (M5) amplía la cobertura de servicio y soporte técnico a 3 años desde la fecha de compra de AppleCare+ e incluye cobertura para una cantidad ilimitada de incidentes por daño accidental debido a la manipulación del producto, cada uno de ellos sujeto a un cargo adicional de R$96000  por daños en la pantalla o la carcasa externa o de R$289000  por Otros daños accidentales. Lee todos los detalles en los Términos y condiciones de AppleCare+."",""deviceDateOfPurchase"":""27/08/2026"",""deviceId"":""SJXTQ20HR90"",""registeredDevice"":""1"",""pocType"":""APOC"",""serialNumber"":""JXTQ20HR90"",""partNumber"":""SCW93ZX/A"",""partAlias"":""ACP"",""purchaseMode"":""C"",""productDescription"":""MacBook Air (15-inch, M5)""}},""transactionId"":""b5ed0abb-5267-4ff5-8a06-df5b83b758c0-1787849804811""}"
True;5141924;2026-08-27 12:58:45.883000;2026-08-27 00:00:00;35901073;CREATEORDER;SJXTQ20HR90;MDVH4CI/A;"{""orderDetailsResponses"":{""deviceEligibility"":{""secondaryDisplay"":""1"",""partDescription"":""AppleCare+ para 15-inch MacBook Air (M5)"",""coverageDuration"":""3"",""productStatement"":""AppleCare+ para 15-inch MacBook Air (M5) amplía la cobertura de servicio y soporte técnico a 3 años desde la fecha de compra de AppleCare+ e incluye cobertura para una cantidad ilimitada de incidentes por daño accidental debido a la manipulación del producto, cada uno de ellos sujeto a un cargo adicional de R$96000  por daños en la pantalla o la carcasa externa o de R$289000  por Otros daños accidentales. Lee todos los detalles en los Términos y condiciones de AppleCare+."",""deviceDateOfPurchase"":""27/08/2026"",""deviceId"":""SJXTQ20HR90"",""registeredDevice"":""1"",""pocType"":""APOC"",""serialNumber"":""JXTQ20HR90"",""partNumber"":""SCW93ZX/A"",""partAlias"":""ACP"",""purchaseMode"":""C"",""productDescription"":""MacBook Air (15-inch, M5)""},""orderConfirmation"":{""agreementNumber"":""328413660805"",""coverageDurationStatement"":""Finaliza el 26/08/2029"",""termConditionURL"":""http://www.apple.com/legal/sales-support/"",""partNumber"":""SCW93ZX/A"",""partAlias"":""ACP"",""partType"":""AppleCare+"",""purchaseMode"":""C"",""appleCareSalesDate"":""27/08/2026"",""pocType"":""APOC"",""purchaseOrderNumber"":""35901073""}},""transactionId"":""07b1e2fc-2703-4fa9-a697-fd730b853609-1787849922120""}"
True;5115752;2026-08-27 13:25:56.300000;2026-08-27 00:00:00;31801083;VERIFYORDER;SHMQ1YW4040;MXP93AM/A;"{""orderDetailsResponses"":{""deviceEligibility"":{""secondaryDisplay"":""0"",""partDescription"":""AppleCare+ para AirPods"",""coverageDuration"":""2"",""productStatement"":""AppleCare+ para AirPods amplía la cobertura de servicio y soporte técnico a 2 años desde la fecha de compra de AppleCare+ e incluye cobertura para una cantidad ilimitada de incidentes por daño accidental debido a la manipulación del producto, cada uno de ellos sujeto a un cargo adicional de CLP28000 . Lee todos los detalles en los Términos y condiciones de AppleCare+."",""deviceDateOfPurchase"":""27/08/2026"",""deviceId"":""SHMQ1YW4040"",""registeredDevice"":""1"",""pocType"":""APOC"",""serialNumber"":""HMQ1YW4040"",""partNumber"":""S9066ZX/A"",""partAlias"":""ACP"",""purchaseMode"":""C"",""productDescription"":""AirPods 4 (ANC)""}},""transactionId"":""41a04da3-bc42-4c46-9933-9db32c355292-1787851555745""}"
True;5115752;2026-08-27 13:28:27.097000;2026-08-27 00:00:00;31801083;CREATEORDER;SHMQ1YW4040;MXP93AM/A;"{""orderDetailsResponses"":{""deviceEligibility"":{""secondaryDisplay"":""0"",""partDescription"":""AppleCare+ para AirPods"",""coverageDuration"":""2"",""productStatement"":""AppleCare+ para AirPods amplía la cobertura de servicio y soporte técnico a 2 años desde la fecha de compra de AppleCare+ e incluye cobertura para una cantidad ilimitada de incidentes por daño accidental debido a la manipulación del producto, cada uno de ellos sujeto a un cargo adicional de CLP28000 . Lee todos los detalles en los Términos y condiciones de AppleCare+."",""deviceDateOfPurchase"":""27/08/2026"",""deviceId"":""SHMQ1YW4040"",""registeredDevice"":""1"",""pocType"":""APOC"",""serialNumber"":""HMQ1YW4040"",""partNumber"":""S9066ZX/A"",""partAlias"":""ACP"",""purchaseMode"":""C"",""productDescription"":""AirPods 4 (ANC)""},""orderConfirmation"":{""agreementNumber"":""328413720269"",""coverageDurationStatement"":""Finaliza el 26/08/2028"",""termConditionURL"":""http://www.apple.com/legal/sales-support/"",""partNumber"":""S9066ZX/A"",""partAlias"":""ACP"",""partType"":""AppleCare+"",""purchaseMode"":""C"",""appleCareSalesDate"":""27/08/2026"",""pocType"":""APOC"",""purchaseOrderNumber"":""31801083""}},""transactionId"":""02dabb97-6b09-43ea-a9d9-cf02acb530ab-1787851701940""}"
True;1324860;2026-08-27 13:53:11.870000;2026-08-27 00:00:00;35601088;VERIFYORDER;SM2QWF2YDWP;MFHP4AM/A;"{""orderDetailsResponses"":{""deviceEligibility"":{""secondaryDisplay"":""0"",""partDescription"":""AppleCare+ para Headphones - AirPods Pro"",""coverageDuration"":""2"",""productStatement"":""AppleCare+ para Headphones - AirPods Pro amplía la cobertura de servicio y soporte técnico a 2 años desde la fecha de compra de AppleCare+ e incluye cobertura para una cantidad ilimitada de incidentes por daño accidental debido a la manipulación del producto, cada uno de ellos sujeto a un cargo adicional de R$28000 . Lee todos los detalles en los Términos y condiciones de AppleCare+."",""deviceDateOfPurchase"":""27/08/2026"",""deviceId"":""SM2QWF2YDWP"",""registeredDevice"":""1"",""pocType"":""APOC"",""serialNumber"":""M2QWF2YDWP"",""partNumber"":""SYLW2ZX/A"",""partAlias"":""ACP"",""purchaseMode"":""C"",""productDescription"":""AirPods Pro 3""}},""transactionId"":""a2fe1f82-ae2f-4f9c-926a-ff031e3646c4-1787853191154""}"
True;1324860;2026-08-27 13:55:09.443000;2026-08-27 00:00:00;35601088;CREATEORDER;SM2QWF2YDWP;MFHP4AM/A;"{""orderDetailsResponses"":{""deviceEligibility"":{""secondaryDisplay"":""0"",""partDescription"":""AppleCare+ para Headphones - AirPods Pro"",""coverageDuration"":""2"",""productStatement"":""AppleCare+ para Headphones - AirPods Pro amplía la cobertura de servicio y soporte técnico a 2 años desde la fecha de compra de AppleCare+ e incluye cobertura para una cantidad ilimitada de incidentes por daño accidental debido a la manipulación del producto, cada uno de ellos sujeto a un cargo adicional de R$28000 . Lee todos los detalles en los Términos y condiciones de AppleCare+."",""deviceDateOfPurchase"":""27/08/2026"",""deviceId"":""SM2QWF2YDWP"",""registeredDevice"":""1"",""pocType"":""APOC"",""serialNumber"":""M2QWF2YDWP"",""partNumber"":""SYLW2ZX/A"",""partAlias"":""ACP"",""purchaseMode"":""C"",""productDescription"":""AirPods Pro 3""},""orderConfirmation"":{""agreementNumber"":""328413724333"",""coverageDurationStatement"":""Finaliza el 26/08/2028"",""termConditionURL"":""http://www.apple.com/legal/sales-support/"",""partNumber"":""SYLW2ZX/A"",""partAlias"":""ACP"",""partType"":""AppleCare+"",""purchaseMode"":""C"",""appleCareSalesDate"":""27/08/2026"",""pocType"":""APOC"",""purchaseOrderNumber"":""35601088""}},""transactionId"":""99ecf460-cb4d-4541-837c-45256862bcfe-1787853304594""}"
True;1326330;2026-08-27 14:12:54.423000;2026-08-27 00:00:00;17101124;VERIFYORDER;SHH7Y39Y4T6;MDHE4CI/A;"{""orderDetailsResponses"":{""deviceEligibility"":{""secondaryDisplay"":""1"",""partDescription"":""AppleCare+ para 13-inch MacBook Air (M5)"",""coverageDuration"":""3"",""productStatement"":""AppleCare+ para 13-inch MacBook Air (M5) amplía la cobertura de servicio y soporte técnico a 3 años desde la fecha de compra de AppleCare+ e incluye cobertura para una cantidad ilimitada de incidentes por daño accidental debido a la manipulación del producto, cada uno de ellos sujeto a un cargo adicional de R$96000  por daños en la pantalla o la carcasa externa o de R$289000  por Otros daños accidentales. Lee todos los detalles en los Términos y condiciones de AppleCare+."",""deviceDateOfPurchase"":""27/08/2026"",""deviceId"":""SHH7Y39Y4T6"",""registeredDevice"":""1"",""pocType"":""APOC"",""serialNumber"":""HH7Y39Y4T6"",""partNumber"":""SCW83ZX/A"",""partAlias"":""ACP"",""purchaseMode"":""C"",""productDescription"":""MacBook Air (13-inch, M5)""}},""transactionId"":""ace863cd-037e-4347-b57b-965da069cb41-1787854373919""}"
True;1326330;2026-08-27 14:14:16.850000;2026-08-27 00:00:00;17101124;CREATEORDER;SHH7Y39Y4T6;MDHE4CI/A;"{""orderDetailsResponses"":{""deviceEligibility"":{""secondaryDisplay"":""1"",""partDescription"":""AppleCare+ para 13-inch MacBook Air (M5)"",""coverageDuration"":""3"",""productStatement"":""AppleCare+ para 13-inch MacBook Air (M5) amplía la cobertura de servicio y soporte técnico a 3 años desde la fecha de compra de AppleCare+ e incluye cobertura para una cantidad ilimitada de incidentes por daño accidental debido a la manipulación del producto, cada uno de ellos sujeto a un cargo adicional de R$96000  por daños en la pantalla o la carcasa externa o de R$289000  por Otros daños accidentales. Lee todos los detalles en los Términos y condiciones de AppleCare+."",""deviceDateOfPurchase"":""27/08/2026"",""deviceId"":""SHH7Y39Y4T6"",""registeredDevice"":""1"",""pocType"":""APOC"",""serialNumber"":""HH7Y39Y4T6"",""partNumber"":""SCW83ZX/A"",""partAlias"":""ACP"",""purchaseMode"":""C"",""productDescription"":""MacBook Air (13-inch, M5)""},""orderConfirmation"":{""agreementNumber"":""328413725590"",""coverageDurationStatement"":""Finaliza el 26/08/2029"",""termConditionURL"":""http://www.apple.com/legal/sales-support/"",""partNumber"":""SCW83ZX/A"",""partAlias"":""ACP"",""partType"":""AppleCare+"",""purchaseMode"":""C"",""appleCareSalesDate"":""27/08/2026"",""pocType"":""APOC"",""purchaseOrderNumber"":""17101124""}},""transactionId"":""7c97b968-a1fb-4b82-bc7f-404e70b99ae2-1787854454311""}"
True;1292655;2026-08-27 14:21:23.237000;2026-08-27 00:00:00;1292655;VERIFYORDER;SL02LM7WJ95;MDV94CI/A;"{""orderDetailsResponses"":{""deviceEligibility"":{""secondaryDisplay"":""1"",""partDescription"":""AppleCare+ para 15-inch MacBook Air (M5)"",""coverageDuration"":""3"",""productStatement"":""AppleCare+ para 15-inch MacBook Air (M5) amplía la cobertura de servicio y soporte técnico a 3 años desde la fecha de compra de AppleCare+ e incluye cobertura para una cantidad ilimitada de incidentes por daño accidental debido a la manipulación del producto, cada uno de ellos sujeto a un cargo adicional de R$96000  por daños en la pantalla o la carcasa externa o de R$289000  por Otros daños accidentales. Lee todos los detalles en los Términos y condiciones de AppleCare+."",""deviceDateOfPurchase"":""27/08/2026"",""deviceId"":""SL02LM7WJ95"",""registeredDevice"":""1"",""pocType"":""APOC"",""serialNumber"":""L02LM7WJ95"",""partNumber"":""SCW93ZX/A"",""partAlias"":""ACP"",""purchaseMode"":""C"",""productDescription"":""MacBook Air (15-inch, M5)""}},""transactionId"":""d98dfe99-7acf-43ab-a3b1-124c7416d677-1787854882730""}"
True;1292655;2026-08-27 14:21:24.587000;2026-08-27 00:00:00;1292655;CREATEORDER;SL02LM7WJ95;MDV94CI/A;"{""orderDetailsResponses"":{""deviceEligibility"":{""secondaryDisplay"":""1"",""partDescription"":""AppleCare+ para 15-inch MacBook Air (M5)"",""coverageDuration"":""3"",""productStatement"":""AppleCare+ para 15-inch MacBook Air (M5) amplía la cobertura de servicio y soporte técnico a 3 años desde la fecha de compra de AppleCare+ e incluye cobertura para una cantidad ilimitada de incidentes por daño accidental debido a la manipulación del producto, cada uno de ellos sujeto a un cargo adicional de R$96000  por daños en la pantalla o la carcasa externa o de R$289000  por Otros daños accidentales. Lee todos los detalles en los Términos y condiciones de AppleCare+."",""deviceDateOfPurchase"":""27/08/2026"",""deviceId"":""SL02LM7WJ95"",""registeredDevice"":""1"",""pocType"":""RPOC"",""serialNumber"":""L02LM7WJ95"",""partNumber"":""SCW93ZX/A"",""partAlias"":""ACP"",""purchaseMode"":""C"",""productDescription"":""MacBook Air (15-inch, M5)""},""orderConfirmation"":{""agreementNumber"":""328413741042"",""coverageDurationStatement"":""Finaliza el 26/08/2029"",""termConditionURL"":""http://www.apple.com/legal/sales-support/"",""partNumber"":""SCW93ZX/A"",""partAlias"":""ACP"",""partType"":""AppleCare+"",""purchaseMode"":""C"",""appleCareSalesDate"":""27/08/2026"",""pocType"":""RPOC"",""purchaseOrderNumber"":""1292655""}},""transactionId"":""f01e44ad-8d40-4b22-9d7a-0c15b963e7fd-1787854883696""}"
True;5104391;2026-08-27 14:26:23.210000;2026-08-27 00:00:00;5104391;VERIFYORDER;SDQHP94124C;MCG84CI/A;"{""orderDetailsResponses"":{""deviceEligibility"":{""secondaryDisplay"":""1"",""partDescription"":""AppleCare+ para iPad Air 11-inch (M3)"",""coverageDuration"":""2"",""productStatement"":""AppleCare+ para iPad Air 11-inch (M3) amplía la cobertura de servicio y soporte técnico a 2 años desde la fecha de compra de AppleCare+ e incluye cobertura para una cantidad ilimitada de incidentes por daño accidental debido a la manipulación del producto, cada uno de ellos sujeto a un cargo adicional de R$96000  por Otros daños accidentales o de R$28000  por Daños que afectan solo a la pantalla o de R$28000  por Apple Pencil / Keyboard. Lee todos los detalles en los Términos y condiciones de AppleCare+."",""deviceDateOfPurchase"":""27/08/2026"",""deviceId"":""SDQHP94124C"",""registeredDevice"":""1"",""pocType"":""APOC"",""serialNumber"":""DQHP94124C"",""partNumber"":""SV072ZX/A"",""partAlias"":""ACP"",""purchaseMode"":""C"",""productDescription"":""iPad Air 11-inch (M3) Wi-Fi + Cellular""}},""transactionId"":""718b152c-3c4f-4c72-921b-14666e056c6f-1787855182673""}"
True;5104391;2026-08-27 14:26:24.483000;2026-08-27 00:00:00;5104391;CREATEORDER;SDQHP94124C;MCG84CI/A;"{""orderDetailsResponses"":{""deviceEligibility"":{""secondaryDisplay"":""1"",""partDescription"":""AppleCare+ para iPad Air 11-inch (M3)"",""coverageDuration"":""2"",""productStatement"":""AppleCare+ para iPad Air 11-inch (M3) amplía la cobertura de servicio y soporte técnico a 2 años desde la fecha de compra de AppleCare+ e incluye cobertura para una cantidad ilimitada de incidentes por daño accidental debido a la manipulación del producto, cada uno de ellos sujeto a un cargo adicional de R$96000  por Otros daños accidentales o de R$28000  por Daños que afectan solo a la pantalla o de R$28000  por Apple Pencil / Keyboard. Lee todos los detalles en los Términos y condiciones de AppleCare+."",""deviceDateOfPurchase"":""27/08/2026"",""deviceId"":""SDQHP94124C"",""registeredDevice"":""1"",""pocType"":""RPOC"",""serialNumber"":""DQHP94124C"",""partNumber"":""SV072ZX/A"",""partAlias"":""ACP"",""purchaseMode"":""C"",""productDescription"":""iPad Air 11-inch (M3) Wi-Fi + Cellular""},""orderConfirmation"":{""agreementNumber"":""328413743129"",""coverageDurationStatement"":""Finaliza el 26/08/2028"",""termConditionURL"":""http://www.apple.com/legal/sales-support/"",""partNumber"":""SV072ZX/A"",""partAlias"":""ACP"",""partType"":""AppleCare+"",""purchaseMode"":""C"",""appleCareSalesDate"":""27/08/2026"",""pocType"":""RPOC"",""purchaseOrderNumber"":""5104391""}},""transactionId"":""0d8a3143-1b41-4bb4-95a1-f97771ed7ab5-1787855183677""}"
True;1323455;2026-08-27 14:39:14.290000;2026-08-27 00:00:00;50001104;VERIFYORDER;sh2l67nk0xl;MDHF4CI/A;"{""orderDetailsResponses"":{""deviceEligibility"":{""secondaryDisplay"":""1"",""partDescription"":""AppleCare+ para 13-inch MacBook Air (M5)"",""coverageDuration"":""3"",""productStatement"":""AppleCare+ para 13-inch MacBook Air (M5) amplía la cobertura de servicio y soporte técnico a 3 años desde la fecha de compra de AppleCare+ e incluye cobertura para una cantidad ilimitada de incidentes por daño accidental debido a la manipulación del producto, cada uno de ellos sujeto a un cargo adicional de R$96000  por daños en la pantalla o la carcasa externa o de R$289000  por Otros daños accidentales. Lee todos los detalles en los Términos y condiciones de AppleCare+."",""deviceDateOfPurchase"":""27/08/2026"",""deviceId"":""SH2L67NK0XL"",""registeredDevice"":""1"",""pocType"":""APOC"",""serialNumber"":""H2L67NK0XL"",""partNumber"":""SCW83ZX/A"",""partAlias"":""ACP"",""purchaseMode"":""C"",""productDescription"":""MacBook Air (13-inch, M5)""}},""transactionId"":""343e557f-2f63-4637-8c9d-243e36e13807-1787855953736""}"
True;1323455;2026-08-27 14:42:15.353000;2026-08-27 00:00:00;50001104;CREATEORDER;sh2l67nk0xl;MDHF4CI/A;"{""orderDetailsResponses"":{""deviceEligibility"":{""secondaryDisplay"":""1"",""partDescription"":""AppleCare+ para 13-inch MacBook Air (M5)"",""coverageDuration"":""3"",""productStatement"":""AppleCare+ para 13-inch MacBook Air (M5) amplía la cobertura de servicio y soporte técnico a 3 años desde la fecha de compra de AppleCare+ e incluye cobertura para una cantidad ilimitada de incidentes por daño accidental debido a la manipulación del producto, cada uno de ellos sujeto a un cargo adicional de R$96000  por daños en la pantalla o la carcasa externa o de R$289000  por Otros daños accidentales. Lee todos los detalles en los Términos y condiciones de AppleCare+."",""deviceDateOfPurchase"":""27/08/2026"",""deviceId"":""SH2L67NK0XL"",""registeredDevice"":""1"",""pocType"":""APOC"",""serialNumber"":""H2L67NK0XL"",""partNumber"":""SCW83ZX/A"",""partAlias"":""ACP"",""purchaseMode"":""C"",""productDescription"":""MacBook Air (13-inch, M5)""},""orderConfirmation"":{""agreementNumber"":""328413742442"",""coverageDurationStatement"":""Finaliza el 26/08/2029"",""termConditionURL"":""http://www.apple.com/legal/sales-support/"",""partNumber"":""SCW83ZX/A"",""partAlias"":""ACP"",""partType"":""AppleCare+"",""purchaseMode"":""C"",""appleCareSalesDate"":""27/08/2026"",""pocType"":""APOC"",""purchaseOrderNumber"":""50001104""}},""transactionId"":""1ba2bf40-b781-4b42-b463-55c911935339-1787856132919""}"
True;5119918;2026-08-27 15:06:27.110000;2026-08-27 00:00:00;58901082;VERIFYORDER;sf19twdfl99;MFYM4BE/A;"{""orderDetailsResponses"":{""deviceEligibility"":{""secondaryDisplay"":""0"",""partDescription"":""AppleCare+ con robo y pérdida para iPhone 17 Pro Max"",""coverageDuration"":""2"",""productStatement"":""Tu AppleCare+ con robo y pérdida para iPhone 17 Pro Max amplía la cobertura de servicio y soporte técnico a 2 años desde la fecha de compra de AppleCare+ con robo y pérdida e incluye cobertura para una cantidad ilimitada de incidentes por daño accidental debido a la manipulación del producto o un máximo de dos incidentes de robo y pérdida cada 12 meses, cada uno de ellos sujeto a un cargo adicional de R$96000  por Otros daños accidentales o de R$28000  por los daños de la pantalla o la carcasa externa o de R$144000  por robo o pérdida. Lee todos los detalles en los Términos y condiciones de AppleCare+."",""deviceDateOfPurchase"":""27/08/2026"",""deviceId"":""SF19TWDFL99"",""registeredDevice"":""1"",""pocType"":""APOC"",""serialNumber"":""F19TWDFL99"",""partNumber"":""SX382ZX/A"",""partAlias"":""ACPTL"",""purchaseMode"":""C"",""productDescription"":""iPhone 17 Pro Max"",""tlDisclosure"":""La cobertura de robo y pérdida requiere que tengas la función Buscar habilitada en tu dispositivo antes de que se pierda o te lo roben. Durante el proceso de reclamación, te pediremos que uses la función Buscar para poner el dispositivo perdido o robado en modo Perdido, borrarlo y transferir la propiedad a Apple para que podamos asignarte un nuevo dispositivo. Para asegurarte de que puedas iniciar sesión en Buscar y acceder a esta función, es importante que recuerdes tu ID de Apple y contraseña, y que mantengas la información de tu cuenta actualizada. Si usas la autenticación de doble factor para el ID de Apple, te recomendamos que añadas un número de teléfono adicional de confianza a tu cuenta en el que puedas recibir el código de verificación de 6 dígitos que necesitas para iniciar sesión aunque no tengas tu iPhone. Para obtener más información, visita las páginas de Soporte técnico de Apple.""}},""transactionId"":""a5ac80cf-46bb-45bd-a660-85734c3a69fd-1787857586571""}"
True;5119918;2026-08-27 15:08:17.833000;2026-08-27 00:00:00;58901082;VERIFYORDER;sf19twdfl99;MFYM4BE/A;"{""orderDetailsResponses"":{""deviceEligibility"":{""secondaryDisplay"":""0"",""partDescription"":""AppleCare+ con robo y pérdida para iPhone 17 Pro Max"",""coverageDuration"":""2"",""productStatement"":""Tu AppleCare+ con robo y pérdida para iPhone 17 Pro Max amplía la cobertura de servicio y soporte técnico a 2 años desde la fecha de compra de AppleCare+ con robo y pérdida e incluye cobertura para una cantidad ilimitada de incidentes por daño accidental debido a la manipulación del producto o un máximo de dos incidentes de robo y pérdida cada 12 meses, cada uno de ellos sujeto a un cargo adicional de R$96000  por Otros daños accidentales o de R$28000  por los daños de la pantalla o la carcasa externa o de R$144000  por robo o pérdida. Lee todos los detalles en los Términos y condiciones de AppleCare+."",""deviceDateOfPurchase"":""27/08/2026"",""deviceId"":""SF19TWDFL99"",""registeredDevice"":""1"",""pocType"":""APOC"",""serialNumber"":""F19TWDFL99"",""partNumber"":""SX382ZX/A"",""partAlias"":""ACPTL"",""purchaseMode"":""C"",""productDescription"":""iPhone 17 Pro Max"",""tlDisclosure"":""La cobertura de robo y pérdida requiere que tengas la función Buscar habilitada en tu dispositivo antes de que se pierda o te lo roben. Durante el proceso de reclamación, te pediremos que uses la función Buscar para poner el dispositivo perdido o robado en modo Perdido, borrarlo y transferir la propiedad a Apple para que podamos asignarte un nuevo dispositivo. Para asegurarte de que puedas iniciar sesión en Buscar y acceder a esta función, es importante que recuerdes tu ID de Apple y contraseña, y que mantengas la información de tu cuenta actualizada. Si usas la autenticación de doble factor para el ID de Apple, te recomendamos que añadas un número de teléfono adicional de confianza a tu cuenta en el que puedas recibir el código de verificación de 6 dígitos que necesitas para iniciar sesión aunque no tengas tu iPhone. Para obtener más información, visita las páginas de Soporte técnico de Apple.""}},""transactionId"":""0a283196-9e0d-45f4-a834-41f764b95614-1787857697208""}"
True;5104425;2026-08-27 15:11:27.827000;2026-08-27 00:00:00;5104425;VERIFYORDER;SG2Y3KY06GF;MCQ14CI/A;"{""orderDetailsResponses"":{""deviceEligibility"":{""secondaryDisplay"":""1"",""partDescription"":""AppleCare+ para iPad Air 13-inch (M3)"",""coverageDuration"":""2"",""productStatement"":""AppleCare+ para iPad Air 13-inch (M3) amplía la cobertura de servicio y soporte técnico a 2 años desde la fecha de compra de AppleCare+ e incluye cobertura para una cantidad ilimitada de incidentes por daño accidental debido a la manipulación del producto, cada uno de ellos sujeto a un cargo adicional de R$28000  por Daños que afectan solo a la pantalla o de R$28000  por Apple Pencil / Keyboard o de R$96000  por Otros daños accidentales. Lee todos los detalles en los Términos y condiciones de AppleCare+."",""deviceDateOfPurchase"":""27/08/2026"",""deviceId"":""SG2Y3KY06GF"",""registeredDevice"":""1"",""pocType"":""APOC"",""serialNumber"":""G2Y3KY06GF"",""partNumber"":""SV172ZX/A"",""partAlias"":""ACP"",""purchaseMode"":""C"",""productDescription"":""iPad Air 13-inch (M3) Wi-Fi""}},""transactionId"":""cb90015a-7e6d-418b-b032-001295968c79-1787857887313""}"
True;5104425;2026-08-27 15:11:29.180000;2026-08-27 00:00:00;5104425;CREATEORDER;SG2Y3KY06GF;MCQ14CI/A;"{""orderDetailsResponses"":{""deviceEligibility"":{""secondaryDisplay"":""1"",""partDescription"":""AppleCare+ para iPad Air 13-inch (M3)"",""coverageDuration"":""2"",""productStatement"":""AppleCare+ para iPad Air 13-inch (M3) amplía la cobertura de servicio y soporte técnico a 2 años desde la fecha de compra de AppleCare+ e incluye cobertura para una cantidad ilimitada de incidentes por daño accidental debido a la manipulación del producto, cada uno de ellos sujeto a un cargo adicional de R$28000  por Daños que afectan solo a la pantalla o de R$28000  por Apple Pencil / Keyboard o de R$96000  por Otros daños accidentales. Lee todos los detalles en los Términos y condiciones de AppleCare+."",""deviceDateOfPurchase"":""27/08/2026"",""deviceId"":""SG2Y3KY06GF"",""registeredDevice"":""1"",""pocType"":""RPOC"",""serialNumber"":""G2Y3KY06GF"",""partNumber"":""SV172ZX/A"",""partAlias"":""ACP"",""purchaseMode"":""C"",""productDescription"":""iPad Air 13-inch (M3) Wi-Fi""},""orderConfirmation"":{""agreementNumber"":""328413748330"",""coverageDurationStatement"":""Finaliza el 26/08/2028"",""termConditionURL"":""http://www.apple.com/legal/sales-support/"",""partNumber"":""SV172ZX/A"",""partAlias"":""ACP"",""partType"":""AppleCare+"",""purchaseMode"":""C"",""appleCareSalesDate"":""27/08/2026"",""pocType"":""RPOC"",""purchaseOrderNumber"":""5104425""}},""transactionId"":""780a084a-a63a-40c7-b485-405419903c1d-1787857888247""}"
True;1327371;2026-08-27 15:20:54.043000;2026-08-27 00:00:00;35701088;VERIFYORDER;SD1W2R3QXNJ;MHFJ4CI/A;"{""orderDetailsResponses"":{""deviceEligibility"":{""secondaryDisplay"":""0"",""partDescription"":""AppleCare+ para 13-inch MacBook Neo (A18PRO)"",""coverageDuration"":""3"",""productStatement"":""AppleCare+ para 13-inch MacBook Neo (A18PRO) amplía la cobertura de servicio y soporte técnico a 3 años desde la fecha de compra de AppleCare+ e incluye cobertura para una cantidad ilimitada de incidentes por daño accidental debido a la manipulación del producto, cada uno de ellos sujeto a un cargo adicional de R$51990  por daños en la pantalla o la carcasa externa o de R$156990  por Otros daños accidentales. Lee todos los detalles en los Términos y condiciones de AppleCare+."",""deviceDateOfPurchase"":""27/08/2026"",""deviceId"":""SD1W2R3QXNJ"",""registeredDevice"":""1"",""pocType"":""APOC"",""serialNumber"":""D1W2R3QXNJ"",""partNumber"":""SD0T3ZX/A"",""partAlias"":""ACP"",""purchaseMode"":""C"",""productDescription"":""MacBook Neo""}},""transactionId"":""e77d9bc7-f3a3-4cca-8224-e1a5e172d594-1787858453488""}"
True;1327371;2026-08-27 15:22:17.127000;2026-08-27 00:00:00;35701088;CREATEORDER;SD1W2R3QXNJ;MHFJ4CI/A;"{""orderDetailsResponses"":{""deviceEligibility"":{""secondaryDisplay"":""0"",""partDescription"":""AppleCare+ para 13-inch MacBook Neo (A18PRO)"",""coverageDuration"":""3"",""productStatement"":""AppleCare+ para 13-inch MacBook Neo (A18PRO) amplía la cobertura de servicio y soporte técnico a 3 años desde la fecha de compra de AppleCare+ e incluye cobertura para una cantidad ilimitada de incidentes por daño accidental debido a la manipulación del producto, cada uno de ellos sujeto a un cargo adicional de R$51990  por daños en la pantalla o la carcasa externa o de R$156990  por Otros daños accidentales. Lee todos los detalles en los Términos y condiciones de AppleCare+."",""deviceDateOfPurchase"":""27/08/2026"",""deviceId"":""SD1W2R3QXNJ"",""registeredDevice"":""1"",""pocType"":""APOC"",""serialNumber"":""D1W2R3QXNJ"",""partNumber"":""SD0T3ZX/A"",""partAlias"":""ACP"",""purchaseMode"":""C"",""productDescription"":""MacBook Neo""},""orderConfirmation"":{""agreementNumber"":""328413740685"",""coverageDurationStatement"":""Finaliza el 26/08/2029"",""termConditionURL"":""http://www.apple.com/legal/sales-support/"",""partNumber"":""SD0T3ZX/A"",""partAlias"":""ACP"",""partType"":""AppleCare+"",""purchaseMode"":""C"",""appleCareSalesDate"":""27/08/2026"",""pocType"":""APOC"",""purchaseOrderNumber"":""35701088""}},""transactionId"":""f089c377-992a-48bc-8a85-7acaa178b2a4-1787858531935""}"
True;5119918;2026-08-27 15:24:21.717000;2026-08-27 00:00:00;58901082;CREATEORDER;sf19twdfl99;MFYM4BE/A;"{""orderDetailsResponses"":{""deviceEligibility"":{""secondaryDisplay"":""0"",""partDescription"":""AppleCare+ con robo y pérdida para iPhone 17 Pro Max"",""coverageDuration"":""2"",""productStatement"":""Tu AppleCare+ con robo y pérdida para iPhone 17 Pro Max amplía la cobertura de servicio y soporte técnico a 2 años desde la fecha de compra de AppleCare+ con robo y pérdida e incluye cobertura para una cantidad ilimitada de incidentes por daño accidental debido a la manipulación del producto o un máximo de dos incidentes de robo y pérdida cada 12 meses, cada uno de ellos sujeto a un cargo adicional de R$96000  por Otros daños accidentales o de R$28000  por los daños de la pantalla o la carcasa externa o de R$144000  por robo o pérdida. Lee todos los detalles en los Términos y condiciones de AppleCare+."",""deviceDateOfPurchase"":""27/08/2026"",""deviceId"":""SF19TWDFL99"",""registeredDevice"":""1"",""pocType"":""APOC"",""serialNumber"":""F19TWDFL99"",""partNumber"":""SX382ZX/A"",""partAlias"":""ACPTL"",""purchaseMode"":""C"",""productDescription"":""iPhone 17 Pro Max"",""tlDisclosure"":""La cobertura de robo y pérdida requiere que tengas la función Buscar habilitada en tu dispositivo antes de que se pierda o te lo roben. Durante el proceso de reclamación, te pediremos que uses la función Buscar para poner el dispositivo perdido o robado en modo Perdido, borrarlo y transferir la propiedad a Apple para que podamos asignarte un nuevo dispositivo. Para asegurarte de que puedas iniciar sesión en Buscar y acceder a esta función, es importante que recuerdes tu ID de Apple y contraseña, y que mantengas la información de tu cuenta actualizada. Si usas la autenticación de doble factor para el ID de Apple, te recomendamos que añadas un número de teléfono adicional de confianza a tu cuenta en el que puedas recibir el código de verificación de 6 dígitos que necesitas para iniciar sesión aunque no tengas tu iPhone. Para obtener más información, visita las páginas de Soporte técnico de Apple.""},""orderConfirmation"":{""agreementNumber"":""328413743624"",""coverageDurationStatement"":""Finaliza el 26/08/2028"",""termConditionURL"":""http://www.apple.com/legal/sales-support/"",""partNumber"":""SX382ZX/A"",""partAlias"":""ACPTL"",""partType"":""AC+TL"",""purchaseMode"":""C"",""appleCareSalesDate"":""27/08/2026"",""pocType"":""APOC"",""purchaseOrderNumber"":""58901082""}},""transactionId"":""84682cd5-36cd-4e9f-8452-504209540475-1787858657082""}"
True;5047001;2026-08-27 15:41:55;2026-08-27 00:00:00;62501117;VERIFYORDER;sch7phvvhw1;MXN93CI/A;"{""orderDetailsResponses"":{""deviceEligibility"":{""secondaryDisplay"":""1"",""partDescription"":""AppleCare+ para iPad mini (A17 Pro)"",""coverageDuration"":""2"",""productStatement"":""AppleCare+ para iPad mini (A17 Pro) amplía la cobertura de servicio y soporte técnico a 2 años desde la fecha de compra de AppleCare+ e incluye cobertura para una cantidad ilimitada de incidentes por daño accidental debido a la manipulación del producto, cada uno de ellos sujeto a un cargo adicional de R$28000  por Daños que afectan solo a la pantalla o de R$28000  por Apple Pencil / Keyboard o de R$96000  por Otros daños accidentales. Lee todos los detalles en los Términos y condiciones de AppleCare+."",""deviceDateOfPurchase"":""27/08/2026"",""deviceId"":""SCH7PHVVHW1"",""registeredDevice"":""1"",""pocType"":""APOC"",""serialNumber"":""CH7PHVVHW1"",""partNumber"":""SNGN2ZX/A"",""partAlias"":""ACP"",""purchaseMode"":""C"",""productDescription"":""iPad mini (A17 Pro) Wi-Fi""}},""transactionId"":""e82da1cb-e89b-4ff9-b245-653122fa5bfd-1787859714203""}"
True;5047001;2026-08-27 15:44:33.273000;2026-08-27 00:00:00;62501117;CREATEORDER;sch7phvvhw1;MXN93CI/A;"{""orderDetailsResponses"":{""deviceEligibility"":{""secondaryDisplay"":""1"",""partDescription"":""AppleCare+ para iPad mini (A17 Pro)"",""coverageDuration"":""2"",""productStatement"":""AppleCare+ para iPad mini (A17 Pro) amplía la cobertura de servicio y soporte técnico a 2 años desde la fecha de compra de AppleCare+ e incluye cobertura para una cantidad ilimitada de incidentes por daño accidental debido a la manipulación del producto, cada uno de ellos sujeto a un cargo adicional de R$28000  por Daños que afectan solo a la pantalla o de R$28000  por Apple Pencil / Keyboard o de R$96000  por Otros daños accidentales. Lee todos los detalles en los Términos y condiciones de AppleCare+."",""deviceDateOfPurchase"":""27/08/2026"",""deviceId"":""SCH7PHVVHW1"",""registeredDevice"":""1"",""pocType"":""APOC"",""serialNumber"":""CH7PHVVHW1"",""partNumber"":""SNGN2ZX/A"",""partAlias"":""ACP"",""purchaseMode"":""C"",""productDescription"":""iPad mini (A17 Pro) Wi-Fi""},""orderConfirmation"":{""agreementNumber"":""328413743662"",""coverageDurationStatement"":""Finaliza el 26/08/2028"",""termConditionURL"":""http://www.apple.com/legal/sales-support/"",""partNumber"":""SNGN2ZX/A"",""partAlias"":""ACP"",""partType"":""AppleCare+"",""purchaseMode"":""C"",""appleCareSalesDate"":""27/08/2026"",""pocType"":""APOC"",""purchaseOrderNumber"":""62501117""}},""transactionId"":""b9dd1ccd-f3fe-4dd7-af16-032a1aa0a269-1787859868226""}"
True;5104456;2026-08-27 16:31:39.237000;2026-08-27 00:00:00;5104456;VERIFYORDER;SJH2W7X1DLW;MXP93AM/A;"{""orderDetailsResponses"":{""deviceEligibility"":{""secondaryDisplay"":""0"",""partDescription"":""AppleCare+ para AirPods"",""coverageDuration"":""2"",""productStatement"":""AppleCare+ para AirPods amplía la cobertura de servicio y soporte técnico a 2 años desde la fecha de compra de AppleCare+ e incluye cobertura para una cantidad ilimitada de incidentes por daño accidental debido a la manipulación del producto, cada uno de ellos sujeto a un cargo adicional de CLP28000 . Lee todos los detalles en los Términos y condiciones de AppleCare+."",""deviceDateOfPurchase"":""27/08/2026"",""deviceId"":""SJH2W7X1DLW"",""registeredDevice"":""1"",""pocType"":""APOC"",""serialNumber"":""JH2W7X1DLW"",""partNumber"":""S9066ZX/A"",""partAlias"":""ACP"",""purchaseMode"":""C"",""productDescription"":""AirPods 4 (ANC)""}},""transactionId"":""af2eed91-6847-4db8-83fc-fdb9092c5400-1787862698526""}"
True;5104456;2026-08-27 16:31:40.587000;2026-08-27 00:00:00;5104456;CREATEORDER;SJH2W7X1DLW;MXP93AM/A;"{""orderDetailsResponses"":{""deviceEligibility"":{""secondaryDisplay"":""0"",""partDescription"":""AppleCare+ para AirPods"",""coverageDuration"":""2"",""productStatement"":""AppleCare+ para AirPods amplía la cobertura de servicio y soporte técnico a 2 años desde la fecha de compra de AppleCare+ e incluye cobertura para una cantidad ilimitada de incidentes por daño accidental debido a la manipulación del producto, cada uno de ellos sujeto a un cargo adicional de CLP28000 . Lee todos los detalles en los Términos y condiciones de AppleCare+."",""deviceDateOfPurchase"":""27/08/2026"",""deviceId"":""SJH2W7X1DLW"",""registeredDevice"":""1"",""pocType"":""RPOC"",""serialNumber"":""JH2W7X1DLW"",""partNumber"":""S9066ZX/A"",""partAlias"":""ACP"",""purchaseMode"":""C"",""productDescription"":""AirPods 4 (ANC)""},""orderConfirmation"":{""agreementNumber"":""328413743898"",""coverageDurationStatement"":""Finaliza el 26/08/2028"",""termConditionURL"":""http://www.apple.com/legal/sales-support/"",""partNumber"":""S9066ZX/A"",""partAlias"":""ACP"",""partType"":""AppleCare+"",""purchaseMode"":""C"",""appleCareSalesDate"":""27/08/2026"",""pocType"":""RPOC"",""purchaseOrderNumber"":""5104456""}},""transactionId"":""aa9331ca-716c-4f0e-8b85-443b3d834695-1787862699728""}"
True;1325150;2026-08-27 17:06:52.920000;2026-08-27 00:00:00;21601111;VERIFYORDER;SL2QG9VQP71;MG8N4BE/A;"{""orderDetailsResponses"":{""deviceEligibility"":{""secondaryDisplay"":""0"",""partDescription"":""AppleCare+ para iPhone 17 Pro"",""coverageDuration"":""2"",""productStatement"":""AppleCare+ para iPhone 17 Pro amplía la cobertura de servicio y soporte técnico a 2 años desde la fecha de compra de AppleCare+ e incluye cobertura para una cantidad ilimitada de incidentes por daño accidental debido a la manipulación del producto, cada uno de ellos sujeto a un cargo adicional de R$96000  por Otros daños accidentales o de R$28000  por los daños de la pantalla o la carcasa externa. Lee todos los detalles en los Términos y condiciones de AppleCare+."",""deviceDateOfPurchase"":""27/08/2026"",""deviceId"":""SL2QG9VQP71"",""registeredDevice"":""1"",""pocType"":""APOC"",""serialNumber"":""L2QG9VQP71"",""partNumber"":""SWY42ZX/A"",""partAlias"":""ACP"",""purchaseMode"":""C"",""productDescription"":""iPhone 17 Pro""}},""transactionId"":""32f55ac5-1c4a-4ebb-9d11-1d30626de022-1787864812207""}"
True;1325150;2026-08-27 17:08:55.983000;2026-08-27 00:00:00;21601111;CREATEORDER;SL2QG9VQP71;MG8N4BE/A;"{""orderDetailsResponses"":{""deviceEligibility"":{""secondaryDisplay"":""0"",""partDescription"":""AppleCare+ para iPhone 17 Pro"",""coverageDuration"":""2"",""productStatement"":""AppleCare+ para iPhone 17 Pro amplía la cobertura de servicio y soporte técnico a 2 años desde la fecha de compra de AppleCare+ e incluye cobertura para una cantidad ilimitada de incidentes por daño accidental debido a la manipulación del producto, cada uno de ellos sujeto a un cargo adicional de R$96000  por Otros daños accidentales o de R$28000  por los daños de la pantalla o la carcasa externa. Lee todos los detalles en los Términos y condiciones de AppleCare+."",""deviceDateOfPurchase"":""27/08/2026"",""deviceId"":""SL2QG9VQP71"",""registeredDevice"":""1"",""pocType"":""APOC"",""serialNumber"":""L2QG9VQP71"",""partNumber"":""SWY42ZX/A"",""partAlias"":""ACP"",""purchaseMode"":""C"",""productDescription"":""iPhone 17 Pro""},""orderConfirmation"":{""agreementNumber"":""328413781040"",""coverageDurationStatement"":""Finaliza el 26/08/2028"",""termConditionURL"":""http://www.apple.com/legal/sales-support/"",""partNumber"":""SWY42ZX/A"",""partAlias"":""ACP"",""partType"":""AppleCare+"",""purchaseMode"":""C"",""appleCareSalesDate"":""27/08/2026"",""pocType"":""APOC"",""purchaseOrderNumber"":""21601111""}},""transactionId"":""cd33ce6f-80e8-4b5e-8b66-b257f2c5b410-1787864930926""}"
True;1323806;2026-08-27 17:13:10.407000;2026-08-27 00:00:00;19601004;VERIFYORDER;SJRWMH4XL32;MG6L4BE/A;"{""orderDetailsResponses"":{""deviceEligibility"":{""secondaryDisplay"":""0"",""partDescription"":""AppleCare+ con robo y pérdida para iPhone 17"",""coverageDuration"":""2"",""productStatement"":""Tu AppleCare+ con robo y pérdida para iPhone 17 amplía la cobertura de servicio y soporte técnico a 2 años desde la fecha de compra de AppleCare+ con robo y pérdida e incluye cobertura para una cantidad ilimitada de incidentes por daño accidental debido a la manipulación del producto o un máximo de dos incidentes de robo y pérdida cada 12 meses, cada uno de ellos sujeto a un cargo adicional de R$96000  por Otros daños accidentales o de R$28000  por los daños de la pantalla o la carcasa externa o de R$144000  por robo o pérdida. Lee todos los detalles en los Términos y condiciones de AppleCare+."",""deviceDateOfPurchase"":""27/08/2026"",""deviceId"":""SJRWMH4XL32"",""registeredDevice"":""1"",""pocType"":""APOC"",""serialNumber"":""JRWMH4XL32"",""partNumber"":""SX2V2ZX/A"",""partAlias"":""ACPTL"",""purchaseMode"":""C"",""productDescription"":""iPhone 17"",""tlDisclosure"":""La cobertura de robo y pérdida requiere que tengas la función Buscar habilitada en tu dispositivo antes de que se pierda o te lo roben. Durante el proceso de reclamación, te pediremos que uses la función Buscar para poner el dispositivo perdido o robado en modo Perdido, borrarlo y transferir la propiedad a Apple para que podamos asignarte un nuevo dispositivo. Para asegurarte de que puedas iniciar sesión en Buscar y acceder a esta función, es importante que recuerdes tu ID de Apple y contraseña, y que mantengas la información de tu cuenta actualizada. Si usas la autenticación de doble factor para el ID de Apple, te recomendamos que añadas un número de teléfono adicional de confianza a tu cuenta en el que puedas recibir el código de verificación de 6 dígitos que necesitas para iniciar sesión aunque no tengas tu iPhone. Para obtener más información, visita las páginas de Soporte técnico de Apple.""}},""transactionId"":""8128ef8a-d250-4ad0-885f-835b32187d2d-1787865189853""}"
True;1323806;2026-08-27 17:16:33.720000;2026-08-27 00:00:00;19601004;CREATEORDER;SJRWMH4XL32;MG6L4BE/A;"{""orderDetailsResponses"":{""deviceEligibility"":{""secondaryDisplay"":""0"",""partDescription"":""AppleCare+ con robo y pérdida para iPhone 17"",""coverageDuration"":""2"",""productStatement"":""Tu AppleCare+ con robo y pérdida para iPhone 17 amplía la cobertura de servicio y soporte técnico a 2 años desde la fecha de compra de AppleCare+ con robo y pérdida e incluye cobertura para una cantidad ilimitada de incidentes por daño accidental debido a la manipulación del producto o un máximo de dos incidentes de robo y pérdida cada 12 meses, cada uno de ellos sujeto a un cargo adicional de R$96000  por Otros daños accidentales o de R$28000  por los daños de la pantalla o la carcasa externa o de R$144000  por robo o pérdida. Lee todos los detalles en los Términos y condiciones de AppleCare+."",""deviceDateOfPurchase"":""27/08/2026"",""deviceId"":""SJRWMH4XL32"",""registeredDevice"":""1"",""pocType"":""APOC"",""serialNumber"":""JRWMH4XL32"",""partNumber"":""SX2V2ZX/A"",""partAlias"":""ACPTL"",""purchaseMode"":""C"",""productDescription"":""iPhone 17"",""tlDisclosure"":""La cobertura de robo y pérdida requiere que tengas la función Buscar habilitada en tu dispositivo antes de que se pierda o te lo roben. Durante el proceso de reclamación, te pediremos que uses la función Buscar para poner el dispositivo perdido o robado en modo Perdido, borrarlo y transferir la propiedad a Apple para que podamos asignarte un nuevo dispositivo. Para asegurarte de que puedas iniciar sesión en Buscar y acceder a esta función, es importante que recuerdes tu ID de Apple y contraseña, y que mantengas la información de tu cuenta actualizada. Si usas la autenticación de doble factor para el ID de Apple, te recomendamos que añadas un número de teléfono adicional de confianza a tu cuenta en el que puedas recibir el código de verificación de 6 dígitos que necesitas para iniciar sesión aunque no tengas tu iPhone. Para obtener más información, visita las páginas de Soporte técnico de Apple.""},""orderConfirmation"":{""agreementNumber"":""328413762171"",""coverageDurationStatement"":""Finaliza el 26/08/2028"",""termConditionURL"":""http://www.apple.com/legal/sales-support/"",""partNumber"":""SX2V2ZX/A"",""partAlias"":""ACPTL"",""partType"":""AC+TL"",""purchaseMode"":""C"",""appleCareSalesDate"":""27/08/2026"",""pocType"":""APOC"",""purchaseOrderNumber"":""19601004""}},""transactionId"":""6c3c27af-bf5b-4318-884e-015bdfb47a26-1787865388201""}"
True;5092455;2026-08-27 17:31:45.630000;2026-08-27 00:00:00;8801129;VERIFYORDER;sknw3nqw9tq;MG8G4BE/A;"{""orderDetailsResponses"":{""deviceEligibility"":{""secondaryDisplay"":""0"",""partDescription"":""AppleCare+ con robo y pérdida para iPhone 17 Pro"",""coverageDuration"":""2"",""productStatement"":""Tu AppleCare+ con robo y pérdida para iPhone 17 Pro amplía la cobertura de servicio y soporte técnico a 2 años desde la fecha de compra de AppleCare+ con robo y pérdida e incluye cobertura para una cantidad ilimitada de incidentes por daño accidental debido a la manipulación del producto o un máximo de dos incidentes de robo y pérdida cada 12 meses, cada uno de ellos sujeto a un cargo adicional de R$96000  por Otros daños accidentales o de R$28000  por los daños de la pantalla o la carcasa externa o de R$144000  por robo o pérdida. Lee todos los detalles en los Términos y condiciones de AppleCare+."",""deviceDateOfPurchase"":""27/08/2026"",""deviceId"":""SKNW3NQW9TQ"",""registeredDevice"":""1"",""pocType"":""APOC"",""serialNumber"":""KNW3NQW9TQ"",""partNumber"":""SX342ZX/A"",""partAlias"":""ACPTL"",""purchaseMode"":""C"",""productDescription"":""iPhone 17 Pro"",""tlDisclosure"":""La cobertura de robo y pérdida requiere que tengas la función Buscar habilitada en tu dispositivo antes de que se pierda o te lo roben. Durante el proceso de reclamación, te pediremos que uses la función Buscar para poner el dispositivo perdido o robado en modo Perdido, borrarlo y transferir la propiedad a Apple para que podamos asignarte un nuevo dispositivo. Para asegurarte de que puedas iniciar sesión en Buscar y acceder a esta función, es importante que recuerdes tu ID de Apple y contraseña, y que mantengas la información de tu cuenta actualizada. Si usas la autenticación de doble factor para el ID de Apple, te recomendamos que añadas un número de teléfono adicional de confianza a tu cuenta en el que puedas recibir el código de verificación de 6 dígitos que necesitas para iniciar sesión aunque no tengas tu iPhone. Para obtener más información, visita las páginas de Soporte técnico de Apple.""}},""transactionId"":""2e48ef22-0072-4bed-86e6-6ba98bec69a2-1787866305014""}"
True;5092455;2026-08-27 17:35:19.327000;2026-08-27 00:00:00;8801129;CREATEORDER;sknw3nqw9tq;MG8G4BE/A;"{""orderDetailsResponses"":{""deviceEligibility"":{""secondaryDisplay"":""0"",""partDescription"":""AppleCare+ con robo y pérdida para iPhone 17 Pro"",""coverageDuration"":""2"",""productStatement"":""Tu AppleCare+ con robo y pérdida para iPhone 17 Pro amplía la cobertura de servicio y soporte técnico a 2 años desde la fecha de compra de AppleCare+ con robo y pérdida e incluye cobertura para una cantidad ilimitada de incidentes por daño accidental debido a la manipulación del producto o un máximo de dos incidentes de robo y pérdida cada 12 meses, cada uno de ellos sujeto a un cargo adicional de R$96000  por Otros daños accidentales o de R$28000  por los daños de la pantalla o la carcasa externa o de R$144000  por robo o pérdida. Lee todos los detalles en los Términos y condiciones de AppleCare+."",""deviceDateOfPurchase"":""27/08/2026"",""deviceId"":""SKNW3NQW9TQ"",""registeredDevice"":""1"",""pocType"":""APOC"",""serialNumber"":""KNW3NQW9TQ"",""partNumber"":""SX342ZX/A"",""partAlias"":""ACPTL"",""purchaseMode"":""C"",""productDescription"":""iPhone 17 Pro"",""tlDisclosure"":""La cobertura de robo y pérdida requiere que tengas la función Buscar habilitada en tu dispositivo antes de que se pierda o te lo roben. Durante el proceso de reclamación, te pediremos que uses la función Buscar para poner el dispositivo perdido o robado en modo Perdido, borrarlo y transferir la propiedad a Apple para que podamos asignarte un nuevo dispositivo. Para asegurarte de que puedas iniciar sesión en Buscar y acceder a esta función, es importante que recuerdes tu ID de Apple y contraseña, y que mantengas la información de tu cuenta actualizada. Si usas la autenticación de doble factor para el ID de Apple, te recomendamos que añadas un número de teléfono adicional de confianza a tu cuenta en el que puedas recibir el código de verificación de 6 dígitos que necesitas para iniciar sesión aunque no tengas tu iPhone. Para obtener más información, visita las páginas de Soporte técnico de Apple.""},""orderConfirmation"":{""agreementNumber"":""328413764226"",""coverageDurationStatement"":""Finaliza el 26/08/2028"",""termConditionURL"":""http://www.apple.com/legal/sales-support/"",""partNumber"":""SX342ZX/A"",""partAlias"":""ACPTL"",""partType"":""AC+TL"",""purchaseMode"":""C"",""appleCareSalesDate"":""27/08/2026"",""pocType"":""APOC"",""purchaseOrderNumber"":""8801129""}},""transactionId"":""4b882414-ebd2-4494-a44f-395de47ece0b-1787866514354""}"
True;5122251;2026-08-27 17:42:12.853000;2026-08-27 00:00:00;21501127;VERIFYORDER;SD2Q3HQN2Q0;MHWK4BE/A;"{""orderDetailsResponses"":{""deviceEligibility"":{""secondaryDisplay"":""0"",""partDescription"":""AppleCare+ para AirPods Max"",""coverageDuration"":""2"",""productStatement"":""AppleCare+ para AirPods Max amplía la cobertura de servicio y soporte técnico a 2 años desde la fecha de compra de AppleCare+ e incluye cobertura para una cantidad ilimitada de incidentes por daño accidental debido a la manipulación del producto, cada uno de ellos sujeto a un cargo adicional de CLP28000 . Lee todos los detalles en los Términos y condiciones de AppleCare+."",""deviceDateOfPurchase"":""27/08/2026"",""deviceId"":""SD2Q3HQN2Q0"",""registeredDevice"":""1"",""pocType"":""APOC"",""serialNumber"":""D2Q3HQN2Q0"",""partNumber"":""S9086ZX/A"",""partAlias"":""ACP"",""purchaseMode"":""C"",""productDescription"":""AirPods Max 2""}},""transactionId"":""49ffdb4a-f0e9-448f-a586-4b53a3489335-1787866932128""}"
True;5119114;2026-08-27 17:42:58.230000;2026-08-27 00:00:00;44701033;VERIFYORDER;sf7j3fwdqrk;MEU04AM/A;"{""orderDetailsResponses"":{""deviceEligibility"":{""secondaryDisplay"":""0"",""partDescription"":""AppleCare+ para Apple Watch Series 11"",""coverageDuration"":""2"",""productStatement"":""AppleCare+ para Apple Watch Series 11 amplía la cobertura de servicio y soporte técnico a 2 años desde la fecha de compra de AppleCare+ e incluye cobertura para una cantidad ilimitada de incidentes por daño accidental debido a la manipulación del producto, cada uno de ellos sujeto a un cargo adicional de R$67000  por Otros daños accidentales. Lee todos los detalles en los Términos y condiciones de AppleCare+."",""deviceDateOfPurchase"":""26/08/2026"",""deviceId"":""SF7J3FWDQRK"",""registeredDevice"":""1"",""pocType"":""APOC"",""serialNumber"":""F7J3FWDQRK"",""partNumber"":""SXCJ2ZX/A"",""partAlias"":""ACP"",""purchaseMode"":""C"",""productDescription"":""Watch Series 11 (GPS) Aluminum 42MM""}},""transactionId"":""d53652ea-7bb0-4c7d-8ddc-4283fba79982-1787866977727""}"
True;5122251;2026-08-27 17:43:25.927000;2026-08-27 00:00:00;21501127;CREATEORDER;SD2Q3HQN2Q0;MHWK4BE/A;"{""orderDetailsResponses"":{""deviceEligibility"":{""secondaryDisplay"":""0"",""partDescription"":""AppleCare+ para AirPods Max"",""coverageDuration"":""2"",""productStatement"":""AppleCare+ para AirPods Max amplía la cobertura de servicio y soporte técnico a 2 años desde la fecha de compra de AppleCare+ e incluye cobertura para una cantidad ilimitada de incidentes por daño accidental debido a la manipulación del producto, cada uno de ellos sujeto a un cargo adicional de CLP28000 . Lee todos los detalles en los Términos y condiciones de AppleCare+."",""deviceDateOfPurchase"":""27/08/2026"",""deviceId"":""SD2Q3HQN2Q0"",""registeredDevice"":""1"",""pocType"":""APOC"",""serialNumber"":""D2Q3HQN2Q0"",""partNumber"":""S9086ZX/A"",""partAlias"":""ACP"",""purchaseMode"":""C"",""productDescription"":""AirPods Max 2""},""orderConfirmation"":{""agreementNumber"":""328413764269"",""coverageDurationStatement"":""Finaliza el 26/08/2028"",""termConditionURL"":""http://www.apple.com/legal/sales-support/"",""partNumber"":""S9086ZX/A"",""partAlias"":""ACP"",""partType"":""AppleCare+"",""purchaseMode"":""C"",""appleCareSalesDate"":""27/08/2026"",""pocType"":""APOC"",""purchaseOrderNumber"":""21501127""}},""transactionId"":""d0dc4914-7a9a-4378-b61e-5e90b54bfbcc-1787867000749""}"
True;5119114;2026-08-27 17:50:56.207000;2026-08-27 00:00:00;44701033;CREATEORDER;sf7j3fwdqrk;MEU04AM/A;"{""orderDetailsResponses"":{""deviceEligibility"":{""secondaryDisplay"":""0"",""partDescription"":""AppleCare+ para Apple Watch Series 11"",""coverageDuration"":""2"",""productStatement"":""AppleCare+ para Apple Watch Series 11 amplía la cobertura de servicio y soporte técnico a 2 años desde la fecha de compra de AppleCare+ e incluye cobertura para una cantidad ilimitada de incidentes por daño accidental debido a la manipulación del producto, cada uno de ellos sujeto a un cargo adicional de R$67000  por Otros daños accidentales. Lee todos los detalles en los Términos y condiciones de AppleCare+."",""deviceDateOfPurchase"":""27/08/2026"",""deviceId"":""SF7J3FWDQRK"",""registeredDevice"":""0"",""pocType"":""APOC"",""serialNumber"":""F7J3FWDQRK"",""partNumber"":""SXCJ2ZX/A"",""partAlias"":""ACP"",""purchaseMode"":""C"",""productDescription"":""Watch Series 11 (GPS) Aluminum 42MM""},""orderConfirmation"":{""agreementNumber"":""328413748998"",""coverageDurationStatement"":""Finaliza el 26/08/2028"",""termConditionURL"":""http://www.apple.com/legal/sales-support/"",""partNumber"":""SXCJ2ZX/A"",""partAlias"":""ACP"",""partType"":""AppleCare+"",""purchaseMode"":""C"",""appleCareSalesDate"":""27/08/2026"",""pocType"":""APOC"",""purchaseOrderNumber"":""44701033""}},""transactionId"":""c234eb6f-6ed7-41e7-8488-a8f335030f6d-1787867451507""}"
True;1322248;2026-08-27 18:26:28.273000;2026-08-27 00:00:00;14401114;VERIFYORDER;SDGM2DKW74G;MG6N4BE/A;"{""orderDetailsResponses"":{""deviceEligibility"":{""secondaryDisplay"":""0"",""partDescription"":""AppleCare+ para iPhone 17"",""coverageDuration"":""2"",""productStatement"":""AppleCare+ para iPhone 17 amplía la cobertura de servicio y soporte técnico a 2 años desde la fecha de compra de AppleCare+ e incluye cobertura para una cantidad ilimitada de incidentes por daño accidental debido a la manipulación del producto, cada uno de ellos sujeto a un cargo adicional de R$96000  por Otros daños accidentales o de R$28000  por los daños de la pantalla o la carcasa externa. Lee todos los detalles en los Términos y condiciones de AppleCare+."",""deviceDateOfPurchase"":""27/08/2026"",""deviceId"":""SDGM2DKW74G"",""registeredDevice"":""1"",""pocType"":""APOC"",""serialNumber"":""DGM2DKW74G"",""partNumber"":""SWXT2ZX/A"",""partAlias"":""ACP"",""purchaseMode"":""C"",""productDescription"":""iPhone 17""}},""transactionId"":""0d2330ff-55d0-4bc4-b114-c02a93307fe0-1787869587680""}"
True;1322248;2026-08-27 18:28:45.490000;2026-08-27 00:00:00;14401114;CREATEORDER;SDGM2DKW74G;MG6N4BE/A;"{""orderDetailsResponses"":{""deviceEligibility"":{""secondaryDisplay"":""0"",""partDescription"":""AppleCare+ para iPhone 17"",""coverageDuration"":""2"",""productStatement"":""AppleCare+ para iPhone 17 amplía la cobertura de servicio y soporte técnico a 2 años desde la fecha de compra de AppleCare+ e incluye cobertura para una cantidad ilimitada de incidentes por daño accidental debido a la manipulación del producto, cada uno de ellos sujeto a un cargo adicional de R$96000  por Otros daños accidentales o de R$28000  por los daños de la pantalla o la carcasa externa. Lee todos los detalles en los Términos y condiciones de AppleCare+."",""deviceDateOfPurchase"":""27/08/2026"",""deviceId"":""SDGM2DKW74G"",""registeredDevice"":""1"",""pocType"":""APOC"",""serialNumber"":""DGM2DKW74G"",""partNumber"":""SWXT2ZX/A"",""partAlias"":""ACP"",""purchaseMode"":""C"",""productDescription"":""iPhone 17""},""orderConfirmation"":{""agreementNumber"":""328413780284"",""coverageDurationStatement"":""Finaliza el 26/08/2028"",""termConditionURL"":""http://www.apple.com/legal/sales-support/"",""partNumber"":""SWXT2ZX/A"",""partAlias"":""ACP"",""partType"":""AppleCare+"",""purchaseMode"":""C"",""appleCareSalesDate"":""27/08/2026"",""pocType"":""APOC"",""purchaseOrderNumber"":""14401114""}},""transactionId"":""0cb53af7-8ad9-48b4-96ff-9c9d4158a882-1787869719854""}"
True;5104488;2026-08-27 18:31:38.370000;2026-08-27 00:00:00;5104488;VERIFYORDER;SC9PFCF20R6;MH354CI/A;"{""orderDetailsResponses"":{""deviceEligibility"":{""secondaryDisplay"":""1"",""partDescription"":""AppleCare+ para iPad Air 11-inch (M4)"",""coverageDuration"":""2"",""productStatement"":""AppleCare+ para iPad Air 11-inch (M4) amplía la cobertura de servicio y soporte técnico a 2 años desde la fecha de compra de AppleCare+ e incluye cobertura para una cantidad ilimitada de incidentes por daño accidental debido a la manipulación del producto, cada uno de ellos sujeto a un cargo adicional de R$28000  por Apple Pencil / Keyboard o de R$28000  por Daños que afectan solo a la pantalla o de R$96000  por Otros daños accidentales. Lee todos los detalles en los Términos y condiciones de AppleCare+."",""deviceDateOfPurchase"":""27/08/2026"",""deviceId"":""SC9PFCF20R6"",""registeredDevice"":""1"",""pocType"":""APOC"",""serialNumber"":""C9PFCF20R6"",""partNumber"":""SCV93ZX/A"",""partAlias"":""ACP"",""purchaseMode"":""C"",""productDescription"":""iPad Air 11-inch (M4) Wi-Fi""}},""transactionId"":""12bf71e0-4864-47de-9364-bccc175fe1ff-1787869897827""}"
True;5104488;2026-08-27 18:31:39.720000;2026-08-27 00:00:00;5104488;CREATEORDER;SC9PFCF20R6;MH354CI/A;"{""orderDetailsResponses"":{""deviceEligibility"":{""secondaryDisplay"":""1"",""partDescription"":""AppleCare+ para iPad Air 11-inch (M4)"",""coverageDuration"":""2"",""productStatement"":""AppleCare+ para iPad Air 11-inch (M4) amplía la cobertura de servicio y soporte técnico a 2 años desde la fecha de compra de AppleCare+ e incluye cobertura para una cantidad ilimitada de incidentes por daño accidental debido a la manipulación del producto, cada uno de ellos sujeto a un cargo adicional de R$28000  por Apple Pencil / Keyboard o de R$28000  por Daños que afectan solo a la pantalla o de R$96000  por Otros daños accidentales. Lee todos los detalles en los Términos y condiciones de AppleCare+."",""deviceDateOfPurchase"":""27/08/2026"",""deviceId"":""SC9PFCF20R6"",""registeredDevice"":""1"",""pocType"":""RPOC"",""serialNumber"":""C9PFCF20R6"",""partNumber"":""SCV93ZX/A"",""partAlias"":""ACP"",""purchaseMode"":""C"",""productDescription"":""iPad Air 11-inch (M4) Wi-Fi""},""orderConfirmation"":{""agreementNumber"":""328413764350"",""coverageDurationStatement"":""Finaliza el 26/08/2028"",""termConditionURL"":""http://www.apple.com/legal/sales-support/"",""partNumber"":""SCV93ZX/A"",""partAlias"":""ACP"",""partType"":""AppleCare+"",""purchaseMode"":""C"",""appleCareSalesDate"":""27/08/2026"",""pocType"":""RPOC"",""purchaseOrderNumber"":""5104488""}},""transactionId"":""73fbb346-47e9-4411-9ccb-ed5d2c7ceddd-1787869898810""}"
True;5074200;2026-08-27 18:43:31.230000;2026-08-27 00:00:00;20401091;VERIFYORDER;SJGM6DD4TN4;MG8G4BE/A;"{""orderDetailsResponses"":{""deviceEligibility"":{""secondaryDisplay"":""0"",""partDescription"":""AppleCare+ para iPhone 17 Pro"",""coverageDuration"":""2"",""productStatement"":""AppleCare+ para iPhone 17 Pro amplía la cobertura de servicio y soporte técnico a 2 años desde la fecha de compra de AppleCare+ e incluye cobertura para una cantidad ilimitada de incidentes por daño accidental debido a la manipulación del producto, cada uno de ellos sujeto a un cargo adicional de R$96000  por Otros daños accidentales o de R$28000  por los daños de la pantalla o la carcasa externa. Lee todos los detalles en los Términos y condiciones de AppleCare+."",""deviceDateOfPurchase"":""27/08/2026"",""deviceId"":""SJGM6DD4TN4"",""registeredDevice"":""1"",""pocType"":""APOC"",""serialNumber"":""JGM6DD4TN4"",""partNumber"":""SWY42ZX/A"",""partAlias"":""ACP"",""purchaseMode"":""C"",""productDescription"":""iPhone 17 Pro""}},""transactionId"":""337aa92a-e25c-407a-843f-857fd95b9fea-1787870610661""}"
True;5074200;2026-08-27 18:46:11.480000;2026-08-27 00:00:00;20401091;CREATEORDER;SJGM6DD4TN4;MG8G4BE/A;"{""orderDetailsResponses"":{""deviceEligibility"":{""secondaryDisplay"":""0"",""partDescription"":""AppleCare+ para iPhone 17 Pro"",""coverageDuration"":""2"",""productStatement"":""AppleCare+ para iPhone 17 Pro amplía la cobertura de servicio y soporte técnico a 2 años desde la fecha de compra de AppleCare+ e incluye cobertura para una cantidad ilimitada de incidentes por daño accidental debido a la manipulación del producto, cada uno de ellos sujeto a un cargo adicional de R$96000  por Otros daños accidentales o de R$28000  por los daños de la pantalla o la carcasa externa. Lee todos los detalles en los Términos y condiciones de AppleCare+."",""deviceDateOfPurchase"":""27/08/2026"",""deviceId"":""SJGM6DD4TN4"",""registeredDevice"":""1"",""pocType"":""APOC"",""serialNumber"":""JGM6DD4TN4"",""partNumber"":""SWY42ZX/A"",""partAlias"":""ACP"",""purchaseMode"":""C"",""productDescription"":""iPhone 17 Pro""},""orderConfirmation"":{""agreementNumber"":""328413801199"",""coverageDurationStatement"":""Finaliza el 26/08/2028"",""termConditionURL"":""http://www.apple.com/legal/sales-support/"",""partNumber"":""SWY42ZX/A"",""partAlias"":""ACP"",""partType"":""AppleCare+"",""purchaseMode"":""C"",""appleCareSalesDate"":""27/08/2026"",""pocType"":""APOC"",""purchaseOrderNumber"":""20401091""}},""transactionId"":""b9293f4c-fe90-4b26-a55d-13a61445db3d-1787870766850""}"
True;5112415;2026-08-27 18:51:01.780000;2026-08-27 00:00:00;32901058;VERIFYORDER;SH2W4D7K9P6;MG2L4BE/A;"{""orderDetailsResponses"":{""deviceEligibility"":{""secondaryDisplay"":""0"",""partDescription"":""AppleCare+ con robo y pérdida para iPhone Air"",""coverageDuration"":""2"",""productStatement"":""Tu AppleCare+ con robo y pérdida para iPhone Air amplía la cobertura de servicio y soporte técnico a 2 años desde la fecha de compra de AppleCare+ con robo y pérdida e incluye cobertura para una cantidad ilimitada de incidentes por daño accidental debido a la manipulación del producto o un máximo de dos incidentes de robo y pérdida cada 12 meses, cada uno de ellos sujeto a un cargo adicional de R$96000  por Otros daños accidentales o de R$28000  por los daños de la pantalla o la carcasa externa o de R$144000  por robo o pérdida. Lee todos los detalles en los Términos y condiciones de AppleCare+."",""deviceDateOfPurchase"":""28/06/2026"",""deviceId"":""SH2W4D7K9P6"",""registeredDevice"":""0"",""pocType"":""APOC"",""serialNumber"":""H2W4D7K9P6"",""partNumber"":""SX302ZX/A"",""partAlias"":""ACPTL"",""purchaseMode"":""I"",""productDescription"":""iPhone Air"",""tlDisclosure"":""La cobertura de robo y pérdida requiere que tengas la función Buscar habilitada en tu dispositivo antes de que se pierda o te lo roben. Durante el proceso de reclamación, te pediremos que uses la función Buscar para poner el dispositivo perdido o robado en modo Perdido, borrarlo y transferir la propiedad a Apple para que podamos asignarte un nuevo dispositivo. Para asegurarte de que puedas iniciar sesión en Buscar y acceder a esta función, es importante que recuerdes tu ID de Apple y contraseña, y que mantengas la información de tu cuenta actualizada. Si usas la autenticación de doble factor para el ID de Apple, te recomendamos que añadas un número de teléfono adicional de confianza a tu cuenta en el que puedas recibir el código de verificación de 6 dígitos que necesitas para iniciar sesión aunque no tengas tu iPhone. Para obtener más información, visita las páginas de Soporte técnico de Apple.""}},""transactionId"":""fa273a01-8f22-41c1-a95f-d9c73932d4fc-1787871061172""}"
True;5112415;2026-08-27 18:52:41.420000;2026-08-27 00:00:00;32901058;VERIFYORDER;SH2W4D7K9P6;MG2L4BE/A;"{""orderDetailsResponses"":{""deviceEligibility"":{""secondaryDisplay"":""0"",""partDescription"":""AppleCare+ con robo y pérdida para iPhone Air"",""coverageDuration"":""2"",""productStatement"":""Tu AppleCare+ con robo y pérdida para iPhone Air amplía la cobertura de servicio y soporte técnico a 2 años desde la fecha de compra de AppleCare+ con robo y pérdida e incluye cobertura para una cantidad ilimitada de incidentes por daño accidental debido a la manipulación del producto o un máximo de dos incidentes de robo y pérdida cada 12 meses, cada uno de ellos sujeto a un cargo adicional de R$96000  por Otros daños accidentales o de R$28000  por los daños de la pantalla o la carcasa externa o de R$144000  por robo o pérdida. Lee todos los detalles en los Términos y condiciones de AppleCare+."",""deviceDateOfPurchase"":""28/06/2026"",""deviceId"":""SH2W4D7K9P6"",""registeredDevice"":""0"",""pocType"":""APOC"",""serialNumber"":""H2W4D7K9P6"",""partNumber"":""SX302ZX/A"",""partAlias"":""ACPTL"",""purchaseMode"":""I"",""productDescription"":""iPhone Air"",""tlDisclosure"":""La cobertura de robo y pérdida requiere que tengas la función Buscar habilitada en tu dispositivo antes de que se pierda o te lo roben. Durante el proceso de reclamación, te pediremos que uses la función Buscar para poner el dispositivo perdido o robado en modo Perdido, borrarlo y transferir la propiedad a Apple para que podamos asignarte un nuevo dispositivo. Para asegurarte de que puedas iniciar sesión en Buscar y acceder a esta función, es importante que recuerdes tu ID de Apple y contraseña, y que mantengas la información de tu cuenta actualizada. Si usas la autenticación de doble factor para el ID de Apple, te recomendamos que añadas un número de teléfono adicional de confianza a tu cuenta en el que puedas recibir el código de verificación de 6 dígitos que necesitas para iniciar sesión aunque no tengas tu iPhone. Para obtener más información, visita las páginas de Soporte técnico de Apple.""}},""transactionId"":""76ae6510-a997-48d5-be3b-c3b9eb06a3f5-1787871160811""}"
True;5112415;2026-08-27 18:53:47.750000;2026-08-27 00:00:00;32901058;CREATEORDER;SH2W4D7K9P6;MG2L4BE/A;"{""orderDetailsResponses"":{""deviceEligibility"":{""secondaryDisplay"":""0"",""partDescription"":""AppleCare+ con robo y pérdida para iPhone Air"",""coverageDuration"":""2"",""productStatement"":""Tu AppleCare+ con robo y pérdida para iPhone Air amplía la cobertura de servicio y soporte técnico a 2 años desde la fecha de compra de AppleCare+ con robo y pérdida e incluye cobertura para una cantidad ilimitada de incidentes por daño accidental debido a la manipulación del producto o un máximo de dos incidentes de robo y pérdida cada 12 meses, cada uno de ellos sujeto a un cargo adicional de R$96000  por Otros daños accidentales o de R$28000  por los daños de la pantalla o la carcasa externa o de R$144000  por robo o pérdida. Lee todos los detalles en los Términos y condiciones de AppleCare+."",""deviceDateOfPurchase"":""28/06/2026"",""deviceId"":""SH2W4D7K9P6"",""registeredDevice"":""0"",""pocType"":""APOC"",""serialNumber"":""H2W4D7K9P6"",""partNumber"":""SX302ZX/A"",""partAlias"":""ACPTL"",""purchaseMode"":""I"",""productDescription"":""iPhone Air"",""tlDisclosure"":""La cobertura de robo y pérdida requiere que tengas la función Buscar habilitada en tu dispositivo antes de que se pierda o te lo roben. Durante el proceso de reclamación, te pediremos que uses la función Buscar para poner el dispositivo perdido o robado en modo Perdido, borrarlo y transferir la propiedad a Apple para que podamos asignarte un nuevo dispositivo. Para asegurarte de que puedas iniciar sesión en Buscar y acceder a esta función, es importante que recuerdes tu ID de Apple y contraseña, y que mantengas la información de tu cuenta actualizada. Si usas la autenticación de doble factor para el ID de Apple, te recomendamos que añadas un número de teléfono adicional de confianza a tu cuenta en el que puedas recibir el código de verificación de 6 dígitos que necesitas para iniciar sesión aunque no tengas tu iPhone. Para obtener más información, visita las páginas de Soporte técnico de Apple.""},""orderConfirmation"":{""agreementNumber"":""328413801213"",""coverageDurationStatement"":""Finaliza el 26/08/2028"",""termConditionURL"":""http://www.apple.com/legal/sales-support/"",""partNumber"":""SX302ZX/A"",""partAlias"":""ACPTL"",""partType"":""AC+TL"",""purchaseMode"":""I"",""appleCareSalesDate"":""27/08/2026"",""pocType"":""APOC"",""purchaseOrderNumber"":""32901058""}},""transactionId"":""b92bb2ba-6e50-477c-a5e7-a85c6281a975-1787871222842""}"
True;5047011;2026-08-27 19:03:13.597000;2026-08-27 00:00:00;62601117;VERIFYORDER;sd4dv7td3cy;MG8J4BE/A;"{""orderDetailsResponses"":{""deviceEligibility"":{""secondaryDisplay"":""0"",""partDescription"":""AppleCare+ para iPhone 17 Pro"",""coverageDuration"":""2"",""productStatement"":""AppleCare+ para iPhone 17 Pro amplía la cobertura de servicio y soporte técnico a 2 años desde la fecha de compra de AppleCare+ e incluye cobertura para una cantidad ilimitada de incidentes por daño accidental debido a la manipulación del producto, cada uno de ellos sujeto a un cargo adicional de R$96000  por Otros daños accidentales o de R$28000  por los daños de la pantalla o la carcasa externa. Lee todos los detalles en los Términos y condiciones de AppleCare+."",""deviceDateOfPurchase"":""27/08/2026"",""deviceId"":""SD4DV7TD3CY"",""registeredDevice"":""1"",""pocType"":""APOC"",""serialNumber"":""D4DV7TD3CY"",""partNumber"":""SWY42ZX/A"",""partAlias"":""ACP"",""purchaseMode"":""C"",""productDescription"":""iPhone 17 Pro""}},""transactionId"":""7ce2005a-d29c-4550-bf13-9ce92b6e69a5-1787871792923""}"
True;5047011;2026-08-27 19:04:51.873000;2026-08-27 00:00:00;62601117;CREATEORDER;sd4dv7td3cy;MG8J4BE/A;"{""orderDetailsResponses"":{""deviceEligibility"":{""secondaryDisplay"":""0"",""partDescription"":""AppleCare+ para iPhone 17 Pro"",""coverageDuration"":""2"",""productStatement"":""AppleCare+ para iPhone 17 Pro amplía la cobertura de servicio y soporte técnico a 2 años desde la fecha de compra de AppleCare+ e incluye cobertura para una cantidad ilimitada de incidentes por daño accidental debido a la manipulación del producto, cada uno de ellos sujeto a un cargo adicional de R$96000  por Otros daños accidentales o de R$28000  por los daños de la pantalla o la carcasa externa. Lee todos los detalles en los Términos y condiciones de AppleCare+."",""deviceDateOfPurchase"":""27/08/2026"",""deviceId"":""SD4DV7TD3CY"",""registeredDevice"":""1"",""pocType"":""APOC"",""serialNumber"":""D4DV7TD3CY"",""partNumber"":""SWY42ZX/A"",""partAlias"":""ACP"",""purchaseMode"":""C"",""productDescription"":""iPhone 17 Pro""},""orderConfirmation"":{""agreementNumber"":""328413761464"",""coverageDurationStatement"":""Finaliza el 26/08/2028"",""termConditionURL"":""http://www.apple.com/legal/sales-support/"",""partNumber"":""SWY42ZX/A"",""partAlias"":""ACP"",""partType"":""AppleCare+"",""purchaseMode"":""C"",""appleCareSalesDate"":""27/08/2026"",""pocType"":""APOC"",""purchaseOrderNumber"":""62601117""}},""transactionId"":""e3130010-41e2-4394-92d2-23a1ecd523d8-1787871886770""}"
True;1325451;2026-08-27 19:44:40.833000;2026-08-27 00:00:00;26501123;VERIFYORDER;SFWP2PYL70L;MGE94CI/A;"{""orderDetailsResponses"":{""deviceEligibility"":{""secondaryDisplay"":""1"",""partDescription"":""AppleCare+ para 16-in MacBook Pro (M5 Pro/M5 Max)"",""coverageDuration"":""3"",""productStatement"":""AppleCare+ para 16-in MacBook Pro (M5 Pro/M5 Max) amplía la cobertura de servicio y soporte técnico a 3 años desde la fecha de compra de AppleCare+ e incluye cobertura para una cantidad ilimitada de incidentes por daño accidental debido a la manipulación del producto, cada uno de ellos sujeto a un cargo adicional de R$96000  por daños en la pantalla o la carcasa externa o de R$289000  por Otros daños accidentales. Lee todos los detalles en los Términos y condiciones de AppleCare+."",""deviceDateOfPurchase"":""27/08/2026"",""deviceId"":""SFWP2PYL70L"",""registeredDevice"":""1"",""pocType"":""APOC"",""serialNumber"":""FWP2PYL70L"",""partNumber"":""SCXU3ZX/A"",""partAlias"":""ACP"",""purchaseMode"":""C"",""productDescription"":""MacBook Pro (16-inch, M5 Pro or M5 Max)""}},""transactionId"":""75d43ec8-fe31-4176-b52e-083e9a327caf-1787874280048""}"
True;1325451;2026-08-27 19:47:03.820000;2026-08-27 00:00:00;26501123;CREATEORDER;SFWP2PYL70L;MGE94CI/A;"{""orderDetailsResponses"":{""deviceEligibility"":{""secondaryDisplay"":""1"",""partDescription"":""AppleCare+ para 16-in MacBook Pro (M5 Pro/M5 Max)"",""coverageDuration"":""3"",""productStatement"":""AppleCare+ para 16-in MacBook Pro (M5 Pro/M5 Max) amplía la cobertura de servicio y soporte técnico a 3 años desde la fecha de compra de AppleCare+ e incluye cobertura para una cantidad ilimitada de incidentes por daño accidental debido a la manipulación del producto, cada uno de ellos sujeto a un cargo adicional de R$96000  por daños en la pantalla o la carcasa externa o de R$289000  por Otros daños accidentales. Lee todos los detalles en los Términos y condiciones de AppleCare+."",""deviceDateOfPurchase"":""27/08/2026"",""deviceId"":""SFWP2PYL70L"",""registeredDevice"":""1"",""pocType"":""APOC"",""serialNumber"":""FWP2PYL70L"",""partNumber"":""SCXU3ZX/A"",""partAlias"":""ACP"",""purchaseMode"":""C"",""productDescription"":""MacBook Pro (16-inch, M5 Pro or M5 Max)""},""orderConfirmation"":{""agreementNumber"":""328413780416"",""coverageDurationStatement"":""Finaliza el 26/08/2029"",""termConditionURL"":""http://www.apple.com/legal/sales-support/"",""partNumber"":""SCXU3ZX/A"",""partAlias"":""ACP"",""partType"":""AppleCare+"",""purchaseMode"":""C"",""appleCareSalesDate"":""27/08/2026"",""pocType"":""APOC"",""purchaseOrderNumber"":""26501123""}},""transactionId"":""db7dcc9e-e623-4d58-98ff-6fab801ecf06-1787874421634""}"
True;5131681;2026-08-27 20:02:24.443000;2026-08-27 00:00:00;17101011;VERIFYORDER;sdr4d5v9y6d;MHRV4BE/A;"{""orderDetailsResponses"":{""deviceEligibility"":{""secondaryDisplay"":""0"",""partDescription"":""AppleCare+ para iPhone 17e"",""coverageDuration"":""2"",""productStatement"":""AppleCare+ para iPhone 17e amplía la cobertura de servicio y soporte técnico a 2 años desde la fecha de compra de AppleCare+ e incluye cobertura para una cantidad ilimitada de incidentes por daño accidental debido a la manipulación del producto, cada uno de ellos sujeto a un cargo adicional de R$28000  por los daños de la pantalla o la carcasa externa o de R$96000  por Otros daños accidentales. Lee todos los detalles en los Términos y condiciones de AppleCare+."",""deviceDateOfPurchase"":""27/08/2026"",""deviceId"":""SDR4D5V9Y6D"",""registeredDevice"":""1"",""pocType"":""APOC"",""serialNumber"":""DR4D5V9Y6D"",""partNumber"":""SCYW3ZX/A"",""partAlias"":""ACP"",""purchaseMode"":""C"",""productDescription"":""iPhone 17e""}},""transactionId"":""9722a09c-0d85-426b-822d-5a1327ebe5e9-1787875343465""}"
True;5131681;2026-08-27 20:04:29.360000;2026-08-27 00:00:00;17101011;CREATEORDER;sdr4d5v9y6d;MHRV4BE/A;"{""orderDetailsResponses"":{""deviceEligibility"":{""secondaryDisplay"":""0"",""partDescription"":""AppleCare+ para iPhone 17e"",""coverageDuration"":""2"",""productStatement"":""AppleCare+ para iPhone 17e amplía la cobertura de servicio y soporte técnico a 2 años desde la fecha de compra de AppleCare+ e incluye cobertura para una cantidad ilimitada de incidentes por daño accidental debido a la manipulación del producto, cada uno de ellos sujeto a un cargo adicional de R$28000  por los daños de la pantalla o la carcasa externa o de R$96000  por Otros daños accidentales. Lee todos los detalles en los Términos y condiciones de AppleCare+."",""deviceDateOfPurchase"":""27/08/2026"",""deviceId"":""SDR4D5V9Y6D"",""registeredDevice"":""1"",""pocType"":""APOC"",""serialNumber"":""DR4D5V9Y6D"",""partNumber"":""SCYW3ZX/A"",""partAlias"":""ACP"",""purchaseMode"":""C"",""productDescription"":""iPhone 17e""},""orderConfirmation"":{""agreementNumber"":""328413764491"",""coverageDurationStatement"":""Finaliza el 26/08/2028"",""termConditionURL"":""http://www.apple.com/legal/sales-support/"",""partNumber"":""SCYW3ZX/A"",""partAlias"":""ACP"",""partType"":""AppleCare+"",""purchaseMode"":""C"",""appleCareSalesDate"":""27/08/2026"",""pocType"":""APOC"",""purchaseOrderNumber"":""17101011""}},""transactionId"":""7f8e3947-e2bc-49aa-b7e5-1ed5d24cfbba-1787875463756""}"
True;1322786;2026-08-27 20:12:02.330000;2026-08-27 00:00:00;21801127;VERIFYORDER;SGGFMCX2CK6;MDVQ4CI/A;"{""orderDetailsResponses"":{""deviceEligibility"":{""secondaryDisplay"":""1"",""partDescription"":""AppleCare+ para 15-inch MacBook Air (M5)"",""coverageDuration"":""3"",""productStatement"":""AppleCare+ para 15-inch MacBook Air (M5) amplía la cobertura de servicio y soporte técnico a 3 años desde la fecha de compra de AppleCare+ e incluye cobertura para una cantidad ilimitada de incidentes por daño accidental debido a la manipulación del producto, cada uno de ellos sujeto a un cargo adicional de R$96000  por daños en la pantalla o la carcasa externa o de R$289000  por Otros daños accidentales. Lee todos los detalles en los Términos y condiciones de AppleCare+."",""deviceDateOfPurchase"":""27/08/2026"",""deviceId"":""SGGFMCX2CK6"",""registeredDevice"":""1"",""pocType"":""APOC"",""serialNumber"":""GGFMCX2CK6"",""partNumber"":""SCW93ZX/A"",""partAlias"":""ACP"",""purchaseMode"":""C"",""productDescription"":""MacBook Air (15-inch, M5)""}},""transactionId"":""288851b5-b2fd-4859-bd6b-395e93aea269-1787875921802""}"
True;1322786;2026-08-27 20:15:18.907000;2026-08-27 00:00:00;21801127;CREATEORDER;SGGFMCX2CK6;MDVQ4CI/A;"{""orderDetailsResponses"":{""deviceEligibility"":{""secondaryDisplay"":""1"",""partDescription"":""AppleCare+ para 15-inch MacBook Air (M5)"",""coverageDuration"":""3"",""productStatement"":""AppleCare+ para 15-inch MacBook Air (M5) amplía la cobertura de servicio y soporte técnico a 3 años desde la fecha de compra de AppleCare+ e incluye cobertura para una cantidad ilimitada de incidentes por daño accidental debido a la manipulación del producto, cada uno de ellos sujeto a un cargo adicional de R$96000  por daños en la pantalla o la carcasa externa o de R$289000  por Otros daños accidentales. Lee todos los detalles en los Términos y condiciones de AppleCare+."",""deviceDateOfPurchase"":""27/08/2026"",""deviceId"":""SGGFMCX2CK6"",""registeredDevice"":""1"",""pocType"":""APOC"",""serialNumber"":""GGFMCX2CK6"",""partNumber"":""SCW93ZX/A"",""partAlias"":""ACP"",""purchaseMode"":""C"",""productDescription"":""MacBook Air (15-inch, M5)""},""orderConfirmation"":{""agreementNumber"":""328413800391"",""coverageDurationStatement"":""Finaliza el 26/08/2029"",""termConditionURL"":""http://www.apple.com/legal/sales-support/"",""partNumber"":""SCW93ZX/A"",""partAlias"":""ACP"",""partType"":""AppleCare+"",""purchaseMode"":""C"",""appleCareSalesDate"":""27/08/2026"",""pocType"":""APOC"",""purchaseOrderNumber"":""21801127""}},""transactionId"":""89015189-e8d2-4353-b1c4-430331c594d9-1787876116610""}"
True;5112422;2026-08-27 20:20:42.390000;2026-08-27 00:00:00;33001058;VERIFYORDER;hw5mjpx7d2;MEWH4BE/A;"{""orderDetailsResponses"":{""deviceEligibility"":{""secondaryDisplay"":""0"",""partDescription"":""AppleCare+ para Apple Watch Ultra 3"",""coverageDuration"":""2"",""productStatement"":""AppleCare+ para Apple Watch Ultra 3 amplía la cobertura de servicio y soporte técnico a 2 años desde la fecha de compra de AppleCare+ e incluye cobertura para una cantidad ilimitada de incidentes por daño accidental debido a la manipulación del producto, cada uno de ellos sujeto a un cargo adicional de R$76000  por Otros daños accidentales. Lee todos los detalles en los Términos y condiciones de AppleCare+."",""deviceDateOfPurchase"":""27/08/2026"",""deviceId"":""HW5MJPX7D2"",""registeredDevice"":""1"",""pocType"":""APOC"",""serialNumber"":""HW5MJPX7D2"",""partNumber"":""SXCK2ZX/A"",""partAlias"":""ACP"",""purchaseMode"":""C"",""productDescription"":""Watch Ultra 3 (GPS+Cell) Titanium 49MM""}},""transactionId"":""bbbbadb7-42df-430e-aebe-f5772f866b88-1787876441777""}"
True;5112422;2026-08-27 20:24:23.857000;2026-08-27 00:00:00;33001058;CREATEORDER;hw5mjpx7d2;MEWH4BE/A;"{""orderDetailsResponses"":{""deviceEligibility"":{""secondaryDisplay"":""0"",""partDescription"":""AppleCare+ para Apple Watch Ultra 3"",""coverageDuration"":""2"",""productStatement"":""AppleCare+ para Apple Watch Ultra 3 amplía la cobertura de servicio y soporte técnico a 2 años desde la fecha de compra de AppleCare+ e incluye cobertura para una cantidad ilimitada de incidentes por daño accidental debido a la manipulación del producto, cada uno de ellos sujeto a un cargo adicional de R$76000  por Otros daños accidentales. Lee todos los detalles en los Términos y condiciones de AppleCare+."",""deviceDateOfPurchase"":""27/08/2026"",""deviceId"":""HW5MJPX7D2"",""registeredDevice"":""1"",""pocType"":""APOC"",""serialNumber"":""HW5MJPX7D2"",""partNumber"":""SXCK2ZX/A"",""partAlias"":""ACP"",""purchaseMode"":""C"",""productDescription"":""Watch Ultra 3 (GPS+Cell) Titanium 49MM""},""orderConfirmation"":{""agreementNumber"":""328413764533"",""coverageDurationStatement"":""Finaliza el 26/08/2028"",""termConditionURL"":""http://www.apple.com/legal/sales-support/"",""partNumber"":""SXCK2ZX/A"",""partAlias"":""ACP"",""partType"":""AppleCare+"",""purchaseMode"":""C"",""appleCareSalesDate"":""27/08/2026"",""pocType"":""APOC"",""purchaseOrderNumber"":""33001058""}},""transactionId"":""26114f68-26f6-4f96-841f-2d36e9d8501c-1787876658880""}"
